tool,timeout,benchmark,run_number,cut,tests,failing,instructions_total,instructions_covered,instructions_coverage_ratio,lines_total,lines_covered,lines_coverage_ratio,branches_total,branches_covered,branches_coverage_ratio,complexity_total,complexity_covered,complexity_coverage_ratio
evosuite-mo,120,GUAVA-260,1,com.google.common.collect.TreeRangeMap,25,1,340,200,58.82,86,53,61.63,36,16,44.44,39,23,58.97
evosuite-mo,120,GUAVA-260,2,com.google.common.collect.TreeRangeMap,25,1,340,200,58.82,86,53,61.63,36,16,44.44,39,23,58.97
evosuite-mo,120,GUAVA-260,3,com.google.common.collect.TreeRangeMap,25,1,340,200,58.82,86,53,61.63,36,16,44.44,39,23,58.97
evosuite-mo,120,SEATA-19,1,io.seata.core.protocol.RegisterRMRequest,0,0,228,0,0.0,62,0,0.0,26,0,0.0,21,0,0.0
evosuite-mo,120,SEATA-19,2,io.seata.core.protocol.RegisterRMRequest,0,0,228,0,0.0,62,0,0.0,26,0,0.0,21,0,0.0
evosuite-mo,120,SEATA-19,3,io.seata.core.protocol.RegisterRMRequest,0,0,228,0,0.0,62,0,0.0,26,0,0.0,21,0,0.0
evosuite-mo,120,FASTJSON-25,1,com.alibaba.fastjson.parser.deserializer.ResolveFieldDeserializer,13,1,137,111,81.02,43,37,86.05,12,8,66.67,11,9,81.82
evosuite-mo,120,FASTJSON-25,2,com.alibaba.fastjson.parser.deserializer.ResolveFieldDeserializer,13,1,137,111,81.02,43,37,86.05,12,8,66.67,11,9,81.82
evosuite-mo,120,FASTJSON-25,3,com.alibaba.fastjson.parser.deserializer.ResolveFieldDeserializer,13,1,137,111,81.02,43,37,86.05,12,8,66.67,11,9,81.82
evosuite-mo,120,FASTJSON-26,1,com.alibaba.fastjson.parser.deserializer.MapDeserializer,32,1,843,354,41.99,198,78,39.39,126,49,38.89,71,23,32.39
evosuite-mo,120,FASTJSON-26,2,com.alibaba.fastjson.parser.deserializer.MapDeserializer,32,1,843,354,41.99,198,78,39.39,126,49,38.89,71,23,32.39
evosuite-mo,120,FASTJSON-26,3,com.alibaba.fastjson.parser.deserializer.MapDeserializer,32,1,843,354,41.99,198,78,39.39,126,49,38.89,71,23,32.39
evosuite-mo,120,GUAVA-6,1,com.google.common.base.Throwables,0,0,311,0,0.0,92,0,0.0,38,0,0.0,39,0,0.0
evosuite-mo,120,GUAVA-6,2,com.google.common.base.Throwables,0,0,311,0,0.0,92,0,0.0,38,0,0.0,39,0,0.0
evosuite-mo,120,GUAVA-6,3,com.google.common.base.Throwables,0,0,311,0,0.0,92,0,0.0,38,0,0.0,39,0,0.0
evosuite-mo,120,GUAVA-85,1,com.google.common.base.CaseFormat,46,1,210,210,100.0,30,30,100.0,12,12,100.0,13,13,100.0
evosuite-mo,120,GUAVA-85,2,com.google.common.base.CaseFormat,46,1,210,210,100.0,30,30,100.0,12,12,100.0,13,13,100.0
evosuite-mo,120,GUAVA-85,3,com.google.common.base.CaseFormat,46,1,210,210,100.0,30,30,100.0,12,12,100.0,13,13,100.0
evosuite-mo,120,FASTJSON-64,1,com.alibaba.fastjson.serializer.JSONSerializer,106,3,687,571,83.11,185,160,86.49,108,81,75.0,94,75,79.79
evosuite-mo,120,FASTJSON-64,2,com.alibaba.fastjson.serializer.JSONSerializer,106,3,687,571,83.11,185,160,86.49,108,81,75.0,94,75,79.79
evosuite-mo,120,FASTJSON-64,3,com.alibaba.fastjson.serializer.JSONSerializer,106,3,687,571,83.11,185,160,86.49,108,81,75.0,94,75,79.79
evosuite-mo,120,SEATA-12,1,io.seata.core.rpc.netty.ShutdownHook,4,5,85,65,76.47,25,16,64.0,8,3,37.5,12,6,50.0
evosuite-mo,120,SEATA-12,2,io.seata.core.rpc.netty.ShutdownHook,4,5,85,65,76.47,25,16,64.0,8,3,37.5,12,6,50.0
evosuite-mo,120,SEATA-12,3,io.seata.core.rpc.netty.ShutdownHook,4,5,85,65,76.47,25,16,64.0,8,3,37.5,12,6,50.0
evosuite-mo,120,SEATA-14,1,io.seata.core.protocol.transaction.BranchRegisterRequest,36,5,360,360,100.0,95,95,100.0,32,32,100.0,32,32,100.0
evosuite-mo,120,SEATA-14,2,io.seata.core.protocol.transaction.BranchRegisterRequest,36,5,360,360,100.0,95,95,100.0,32,32,100.0,32,32,100.0
evosuite-mo,120,SEATA-14,3,io.seata.core.protocol.transaction.BranchRegisterRequest,36,5,360,360,100.0,95,95,100.0,32,32,100.0,32,32,100.0
evosuite-mo,120,SEATA-15,1,io.seata.core.rpc.netty.RpcServer,2,2,432,4,0.93,102,1,0.98,44,0,0.0,41,1,2.44
evosuite-mo,120,SEATA-15,2,io.seata.core.rpc.netty.RpcServer,2,2,432,4,0.93,102,1,0.98,44,0,0.0,41,1,2.44
evosuite-mo,120,SEATA-15,3,io.seata.core.rpc.netty.RpcServer,2,2,432,4,0.93,102,1,0.98,44,0,0.0,41,1,2.44
evosuite-mo,120,SEATA-16,1,io.seata.core.store.StoreMode,6,1,59,59,100.0,7,7,100.0,4,4,100.0,4,4,100.0
evosuite-mo,120,SEATA-16,2,io.seata.core.store.StoreMode,6,1,59,59,100.0,7,7,100.0,4,4,100.0,4,4,100.0
evosuite-mo,120,SEATA-16,3,io.seata.core.store.StoreMode,6,1,59,59,100.0,7,7,100.0,4,4,100.0,4,4,100.0
evosuite-mo,120,FASTJSON-9,1,com.alibaba.fastjson.parser.deserializer.JavaObjectDeserializer,5,1,84,35,41.67,19,6,31.58,18,10,55.56,13,7,53.85
evosuite-mo,120,FASTJSON-9,2,com.alibaba.fastjson.parser.deserializer.JavaObjectDeserializer,5,1,84,35,41.67,19,6,31.58,18,10,55.56,13,7,53.85
evosuite-mo,120,FASTJSON-9,3,com.alibaba.fastjson.parser.deserializer.JavaObjectDeserializer,5,1,84,35,41.67,19,6,31.58,18,10,55.56,13,7,53.85
evosuite-mo,120,SPOON-169,1,spoon.support.reflect.code.CtStatementListImpl,0,0,354,0,0.0,80,0,0.0,36,0,0.0,40,0,0.0
evosuite-mo,120,SPOON-169,2,spoon.support.reflect.code.CtStatementListImpl,0,0,354,0,0.0,80,0,0.0,36,0,0.0,40,0,0.0
evosuite-mo,120,SPOON-169,3,spoon.support.reflect.code.CtStatementListImpl,0,0,354,0,0.0,80,0,0.0,36,0,0.0,40,0,0.0
evosuite-mo,120,FASTJSON-4,1,com.alibaba.fastjson.serializer.BooleanCodec,14,1,111,111,100.0,36,36,100.0,16,16,100.0,13,13,100.0
evosuite-mo,120,FASTJSON-4,2,com.alibaba.fastjson.serializer.BooleanCodec,14,1,111,111,100.0,36,36,100.0,16,16,100.0,13,13,100.0
evosuite-mo,120,FASTJSON-4,3,com.alibaba.fastjson.serializer.BooleanCodec,14,1,111,111,100.0,36,36,100.0,16,16,100.0,13,13,100.0
evosuite-mo,120,SEATA-9,1,io.seata.core.rpc.netty.RpcServerHandler,13,1,94,94,100.0,27,27,100.0,8,7,87.5,11,10,90.91
evosuite-mo,120,SEATA-9,2,io.seata.core.rpc.netty.RpcServerHandler,13,1,94,94,100.0,27,27,100.0,8,7,87.5,11,10,90.91
evosuite-mo,120,SEATA-9,3,io.seata.core.rpc.netty.RpcServerHandler,13,1,94,94,100.0,27,27,100.0,8,7,87.5,11,10,90.91
evosuite-mo,120,SEATA-8,1,io.seata.core.protocol.MergedWarpMessage,11,1,192,151,78.65,46,38,82.61,14,10,71.43,14,11,78.57
evosuite-mo,120,SEATA-8,2,io.seata.core.protocol.MergedWarpMessage,11,1,192,151,78.65,46,38,82.61,14,10,71.43,14,11,78.57
evosuite-mo,120,SEATA-8,3,io.seata.core.protocol.MergedWarpMessage,11,1,192,151,78.65,46,38,82.61,14,10,71.43,14,11,78.57
evosuite-mo,120,GUAVA-45,1,com.google.common.primitives.Shorts,0,0,529,0,0.0,103,0,0.0,68,0,0.0,61,0,0.0
evosuite-mo,120,GUAVA-45,2,com.google.common.primitives.Shorts,0,0,529,0,0.0,103,0,0.0,68,0,0.0,61,0,0.0
evosuite-mo,120,GUAVA-45,3,com.google.common.primitives.Shorts,0,0,529,0,0.0,103,0,0.0,68,0,0.0,61,0,0.0
evosuite-mo,120,SPOON-163,1,spoon.pattern.internal.node.MapEntryNode,25,3,155,122,78.71,38,32,84.21,20,15,75.0,19,15,78.95
evosuite-mo,120,SPOON-163,2,spoon.pattern.internal.node.MapEntryNode,25,3,155,122,78.71,38,32,84.21,20,15,75.0,19,15,78.95
evosuite-mo,120,SPOON-163,3,spoon.pattern.internal.node.MapEntryNode,25,3,155,122,78.71,38,32,84.21,20,15,75.0,19,15,78.95
evosuite-mo,120,SEATA-6,1,io.seata.core.rpc.RpcContext,43,5,336,277,82.44,85,80,94.12,32,30,93.75,44,41,93.18
evosuite-mo,120,SEATA-6,2,io.seata.core.rpc.RpcContext,43,5,336,277,82.44,85,80,94.12,32,30,93.75,44,41,93.18
evosuite-mo,120,SEATA-6,3,io.seata.core.rpc.RpcContext,43,5,336,277,82.44,85,80,94.12,32,30,93.75,44,41,93.18
evosuite-mo,120,SPOON-165,1,spoon.reflect.visitor.AstParentConsistencyChecker,3,1,79,32,40.51,15,4,26.67,8,1,12.5,7,3,42.86
evosuite-mo,120,SPOON-165,2,spoon.reflect.visitor.AstParentConsistencyChecker,3,1,79,32,40.51,15,4,26.67,8,1,12.5,7,3,42.86
evosuite-mo,120,SPOON-165,3,spoon.reflect.visitor.AstParentConsistencyChecker,3,1,79,32,40.51,15,4,26.67,8,1,12.5,7,3,42.86
evosuite-mo,120,SEATA-4,1,io.seata.core.protocol.MessageFuture,17,1,101,101,100.0,22,22,100.0,10,10,100.0,14,14,100.0
evosuite-mo,120,SEATA-4,2,io.seata.core.protocol.MessageFuture,17,1,101,101,100.0,22,22,100.0,10,10,100.0,14,14,100.0
evosuite-mo,120,SEATA-4,3,io.seata.core.protocol.MessageFuture,17,1,101,101,100.0,22,22,100.0,10,10,100.0,14,14,100.0
evosuite-mo,120,SPOON-167,1,spoon.support.reflect.CtExtendedModifier,13,1,92,92,100.0,26,26,100.0,16,16,100.0,18,18,100.0
evosuite-mo,120,SPOON-167,2,spoon.support.reflect.CtExtendedModifier,13,1,92,92,100.0,26,26,100.0,16,16,100.0,18,18,100.0
evosuite-mo,120,SPOON-167,3,spoon.support.reflect.CtExtendedModifier,13,1,92,92,100.0,26,26,100.0,16,16,100.0,18,18,100.0
evosuite-mo,120,FASTJSON-17,1,com.alibaba.fastjson.serializer.ClobSeriliazer,7,1,68,68,100.0,24,24,100.0,4,4,100.0,5,5,100.0
evosuite-mo,120,FASTJSON-17,2,com.alibaba.fastjson.serializer.ClobSeriliazer,7,1,68,68,100.0,24,24,100.0,4,4,100.0,5,5,100.0
evosuite-mo,120,FASTJSON-17,3,com.alibaba.fastjson.serializer.ClobSeriliazer,7,1,68,68,100.0,24,24,100.0,4,4,100.0,5,5,100.0
evosuite-mo,120,FASTJSON-15,1,com.alibaba.fastjson.util.IOUtils,78,1,3460,3037,87.77,391,320,81.84,270,187,69.26,155,100,64.52
evosuite-mo,120,FASTJSON-15,2,com.alibaba.fastjson.util.IOUtils,78,1,3460,3037,87.77,391,320,81.84,270,187,69.26,155,100,64.52
evosuite-mo,120,FASTJSON-15,3,com.alibaba.fastjson.util.IOUtils,78,1,3460,3037,87.77,391,320,81.84,270,187,69.26,155,100,64.52
evosuite-mo,120,FASTJSON-59,1,com.alibaba.fastjson.asm.Type,64,1,403,403,100.0,93,93,100.0,62,62,100.0,50,50,100.0
evosuite-mo,120,FASTJSON-59,2,com.alibaba.fastjson.asm.Type,64,1,403,403,100.0,93,93,100.0,62,62,100.0,50,50,100.0
evosuite-mo,120,FASTJSON-59,3,com.alibaba.fastjson.asm.Type,64,1,403,403,100.0,93,93,100.0,62,62,100.0,50,50,100.0
evosuite-mo,120,GUAVA-71,1,com.google.common.collect.SparseImmutableTable,2,1,323,84,26.01,63,22,34.92,14,5,35.71,15,2,13.33
evosuite-mo,120,GUAVA-71,2,com.google.common.collect.SparseImmutableTable,2,1,323,84,26.01,63,22,34.92,14,5,35.71,15,2,13.33
evosuite-mo,120,GUAVA-71,3,com.google.common.collect.SparseImmutableTable,2,1,323,84,26.01,63,22,34.92,14,5,35.71,15,2,13.33
evosuite-mo,120,FASTJSON-50,1,com.alibaba.fastjson.parser.DefaultJSONParser,130,1,3921,1316,33.56,947,290,30.62,570,129,22.63,361,101,27.98
evosuite-mo,120,FASTJSON-50,2,com.alibaba.fastjson.parser.DefaultJSONParser,130,1,3921,1316,33.56,947,290,30.62,570,129,22.63,361,101,27.98
evosuite-mo,120,FASTJSON-50,3,com.alibaba.fastjson.parser.DefaultJSONParser,130,1,3921,1316,33.56,947,290,30.62,570,129,22.63,361,101,27.98
evosuite-mo,120,FASTJSON-93,1,com.alibaba.fastjson.asm.ByteVector,32,1,329,317,96.35,73,71,97.26,24,22,91.67,22,20,90.91
evosuite-mo,120,FASTJSON-93,2,com.alibaba.fastjson.asm.ByteVector,32,1,329,317,96.35,73,71,97.26,24,22,91.67,22,20,90.91
evosuite-mo,120,FASTJSON-93,3,com.alibaba.fastjson.asm.ByteVector,32,1,329,317,96.35,73,71,97.26,24,22,91.67,22,20,90.91
evosuite-mo,120,FASTJSON-104,1,com.alibaba.fastjson.support.spring.FastJsonHttpMessageConverter,1,2,310,7,2.26,82,1,1.22,20,0,0.0,33,1,3.03
evosuite-mo,120,FASTJSON-104,2,com.alibaba.fastjson.support.spring.FastJsonHttpMessageConverter,1,2,310,7,2.26,82,1,1.22,20,0,0.0,33,1,3.03
evosuite-mo,120,FASTJSON-104,3,com.alibaba.fastjson.support.spring.FastJsonHttpMessageConverter,1,2,310,7,2.26,82,1,1.22,20,0,0.0,33,1,3.03
evosuite-mo,120,FASTJSON-105,1,com.alibaba.fastjson.JSONReader,71,1,520,425,81.73,157,144,91.72,63,49,77.78,67,56,83.58
evosuite-mo,120,FASTJSON-105,2,com.alibaba.fastjson.JSONReader,71,1,520,425,81.73,157,144,91.72,63,49,77.78,67,56,83.58
evosuite-mo,120,FASTJSON-105,3,com.alibaba.fastjson.JSONReader,71,1,520,425,81.73,157,144,91.72,63,49,77.78,67,56,83.58
evosuite-mo,120,GUAVA-78,1,com.google.common.collect.Queues,0,0,264,0,0.0,75,0,0.0,26,0,0.0,33,0,0.0
evosuite-mo,120,GUAVA-78,2,com.google.common.collect.Queues,0,0,264,0,0.0,75,0,0.0,26,0,0.0,33,0,0.0
evosuite-mo,120,GUAVA-78,3,com.google.common.collect.Queues,0,0,264,0,0.0,75,0,0.0,26,0,0.0,33,0,0.0
evosuite-mo,120,SPOON-11,1,spoon.reflect.factory.TypeFactory,15,1,1027,399,38.85,217,81,37.33,70,15,21.43,87,25,28.74
evosuite-mo,120,SPOON-11,2,spoon.reflect.factory.TypeFactory,15,1,1027,399,38.85,217,81,37.33,70,15,21.43,87,25,28.74
evosuite-mo,120,SPOON-11,3,spoon.reflect.factory.TypeFactory,15,1,1027,399,38.85,217,81,37.33,70,15,21.43,87,25,28.74
evosuite-mo,120,SPOON-13,1,spoon.support.reflect.code.CtForImpl,0,0,255,0,0.0,58,0,0.0,26,0,0.0,26,0,0.0
evosuite-mo,120,SPOON-13,2,spoon.support.reflect.code.CtForImpl,0,0,255,0,0.0,58,0,0.0,26,0,0.0,26,0,0.0
evosuite-mo,120,SPOON-13,3,spoon.support.reflect.code.CtForImpl,0,0,255,0,0.0,58,0,0.0,26,0,0.0,26,0,0.0
evosuite-mo,120,FASTJSON-19,1,com.alibaba.fastjson.parser.deserializer.DefaultFieldDeserializer,21,1,272,178,65.44,68,47,69.12,44,30,68.18,27,18,66.67
evosuite-mo,120,FASTJSON-19,2,com.alibaba.fastjson.parser.deserializer.DefaultFieldDeserializer,21,1,272,178,65.44,68,47,69.12,44,30,68.18,27,18,66.67
evosuite-mo,120,FASTJSON-19,3,com.alibaba.fastjson.parser.deserializer.DefaultFieldDeserializer,21,1,272,178,65.44,68,47,69.12,44,30,68.18,27,18,66.67
evosuite-mo,120,FASTJSON-49,1,com.alibaba.fastjson.serializer.ArraySerializer,5,1,109,64,58.72,28,21,75.0,14,7,50.0,9,4,44.44
evosuite-mo,120,FASTJSON-49,2,com.alibaba.fastjson.serializer.ArraySerializer,5,1,109,64,58.72,28,21,75.0,14,7,50.0,9,4,44.44
evosuite-mo,120,FASTJSON-49,3,com.alibaba.fastjson.serializer.ArraySerializer,5,1,109,64,58.72,28,21,75.0,14,7,50.0,9,4,44.44
evosuite-mo,120,SPOON-19,1,spoon.reflect.visitor.filter.LineFilter,2,1,66,14,21.21,22,6,27.27,16,2,12.5,10,2,20.0
evosuite-mo,120,SPOON-19,2,spoon.reflect.visitor.filter.LineFilter,2,1,66,14,21.21,22,6,27.27,16,2,12.5,10,2,20.0
evosuite-mo,120,SPOON-19,3,spoon.reflect.visitor.filter.LineFilter,2,1,66,14,21.21,22,6,27.27,16,2,12.5,10,2,20.0
evosuite-mo,120,GUAVA-21,1,com.google.common.base.internal.Finalizer,3,1,233,34,14.59,65,11,16.92,20,2,10.0,18,4,22.22
evosuite-mo,120,GUAVA-21,2,com.google.common.base.internal.Finalizer,3,1,233,34,14.59,65,11,16.92,20,2,10.0,18,4,22.22
evosuite-mo,120,GUAVA-21,3,com.google.common.base.internal.Finalizer,3,1,233,34,14.59,65,11,16.92,20,2,10.0,18,4,22.22
evosuite-mo,120,FASTJSON-85,1,com.alibaba.fastjson.serializer.CharArrayCodec,17,1,120,83,69.17,35,24,68.57,20,14,70.0,14,9,64.29
evosuite-mo,120,FASTJSON-85,2,com.alibaba.fastjson.serializer.CharArrayCodec,17,1,120,83,69.17,35,24,68.57,20,14,70.0,14,9,64.29
evosuite-mo,120,FASTJSON-85,3,com.alibaba.fastjson.serializer.CharArrayCodec,17,1,120,83,69.17,35,24,68.57,20,14,70.0,14,9,64.29
evosuite-mo,120,SEATA-32,1,io.seata.core.protocol.transaction.GlobalBeginResponse,18,1,122,122,100.0,36,36,100.0,12,12,100.0,14,14,100.0
evosuite-mo,120,SEATA-32,2,io.seata.core.protocol.transaction.GlobalBeginResponse,18,1,122,122,100.0,36,36,100.0,12,12,100.0,14,14,100.0
evosuite-mo,120,SEATA-32,3,io.seata.core.protocol.transaction.GlobalBeginResponse,18,1,122,122,100.0,36,36,100.0,12,12,100.0,14,14,100.0
evosuite-mo,120,SPOON-103,1,spoon.support.reflect.code.CtAssignmentImpl,0,0,180,0,0.0,45,0,0.0,18,0,0.0,22,0,0.0
evosuite-mo,120,SPOON-103,2,spoon.support.reflect.code.CtAssignmentImpl,0,0,180,0,0.0,45,0,0.0,18,0,0.0,22,0,0.0
evosuite-mo,120,SPOON-103,3,spoon.support.reflect.code.CtAssignmentImpl,0,0,180,0,0.0,45,0,0.0,18,0,0.0,22,0,0.0
evosuite-mo,120,SPOON-107,1,spoon.reflect.visitor.filter.CompositeFilter,0,0,113,0,0.0,26,0,0.0,20,0,0.0,15,0,0.0
evosuite-mo,120,SPOON-107,2,spoon.reflect.visitor.filter.CompositeFilter,0,0,113,0,0.0,26,0,0.0,20,0,0.0,15,0,0.0
evosuite-mo,120,SPOON-107,3,spoon.reflect.visitor.filter.CompositeFilter,0,0,113,0,0.0,26,0,0.0,20,0,0.0,15,0,0.0
evosuite-mo,120,GUAVA-114,1,com.google.common.util.concurrent.AtomicDoubleArray,49,1,243,241,99.18,59,57,96.61,14,12,85.71,21,19,90.48
evosuite-mo,120,GUAVA-114,2,com.google.common.util.concurrent.AtomicDoubleArray,49,1,243,241,99.18,59,57,96.61,14,12,85.71,21,19,90.48
evosuite-mo,120,GUAVA-114,3,com.google.common.util.concurrent.AtomicDoubleArray,49,1,243,241,99.18,59,57,96.61,14,12,85.71,21,19,90.48
evosuite-mo,120,GUAVA-115,1,com.google.common.util.concurrent.SimpleTimeLimiter,0,0,379,0,0.0,110,0,0.0,26,0,0.0,28,0,0.0
evosuite-mo,120,GUAVA-115,2,com.google.common.util.concurrent.SimpleTimeLimiter,0,0,379,0,0.0,110,0,0.0,26,0,0.0,28,0,0.0
evosuite-mo,120,GUAVA-115,3,com.google.common.util.concurrent.SimpleTimeLimiter,0,0,379,0,0.0,110,0,0.0,26,0,0.0,28,0,0.0
evosuite-mo,120,GUAVA-110,1,com.google.common.math.IntMath,148,1,1247,1228,98.48,180,176,97.78,164,157,95.73,123,116,94.31
evosuite-mo,120,GUAVA-110,2,com.google.common.math.IntMath,148,1,1247,1228,98.48,180,176,97.78,164,157,95.73,123,116,94.31
evosuite-mo,120,GUAVA-110,3,com.google.common.math.IntMath,148,1,1247,1228,98.48,180,176,97.78,164,157,95.73,123,116,94.31
evosuite-mo,120,GUAVA-275,1,com.google.common.math.PairedStatsAccumulator,45,1,306,301,98.37,60,59,98.33,38,38,100.0,32,32,100.0
evosuite-mo,120,GUAVA-275,2,com.google.common.math.PairedStatsAccumulator,45,1,306,301,98.37,60,59,98.33,38,38,100.0,32,32,100.0
evosuite-mo,120,GUAVA-275,3,com.google.common.math.PairedStatsAccumulator,45,1,306,301,98.37,60,59,98.33,38,38,100.0,32,32,100.0
evosuite-mo,120,GUAVA-153,1,com.google.common.collect.ReverseOrdering,20,1,99,90,90.91,21,19,90.48,4,3,75.0,16,15,93.75
evosuite-mo,120,GUAVA-153,2,com.google.common.collect.ReverseOrdering,20,1,99,90,90.91,21,19,90.48,4,3,75.0,16,15,93.75
evosuite-mo,120,GUAVA-153,3,com.google.common.collect.ReverseOrdering,20,1,99,90,90.91,21,19,90.48,4,3,75.0,16,15,93.75
evosuite-mo,120,GUAVA-197,1,com.google.common.primitives.Booleans,0,0,380,0,0.0,75,0,0.0,52,0,0.0,45,0,0.0
evosuite-mo,120,GUAVA-197,2,com.google.common.primitives.Booleans,0,0,380,0,0.0,75,0,0.0,52,0,0.0,45,0,0.0
evosuite-mo,120,GUAVA-197,3,com.google.common.primitives.Booleans,0,0,380,0,0.0,75,0,0.0,52,0,0.0,45,0,0.0
evosuite-mo,120,SPOON-101,1,spoon.reflect.visitor.PrintingContext,22,1,184,161,87.5,34,28,82.35,24,17,70.83,26,20,76.92
evosuite-mo,120,SPOON-101,2,spoon.reflect.visitor.PrintingContext,22,1,184,161,87.5,34,28,82.35,24,17,70.83,26,20,76.92
evosuite-mo,120,SPOON-101,3,spoon.reflect.visitor.PrintingContext,22,1,184,161,87.5,34,28,82.35,24,17,70.83,26,20,76.92
evosuite-mo,120,SEATA-29,1,io.seata.core.rpc.DefaultServerMessageListenerImpl,11,7,308,103,33.44,68,27,39.71,24,7,29.17,21,10,47.62
evosuite-mo,120,SEATA-29,2,io.seata.core.rpc.DefaultServerMessageListenerImpl,11,7,308,103,33.44,68,27,39.71,24,7,29.17,21,10,47.62
evosuite-mo,120,SEATA-29,3,io.seata.core.rpc.DefaultServerMessageListenerImpl,11,7,308,103,33.44,68,27,39.71,24,7,29.17,21,10,47.62
evosuite-mo,120,FASTJSON-39,1,com.alibaba.fastjson.serializer.StringCodec,24,1,137,126,91.97,45,42,93.33,20,19,95.0,17,16,94.12
evosuite-mo,120,FASTJSON-39,2,com.alibaba.fastjson.serializer.StringCodec,24,1,137,126,91.97,45,42,93.33,20,19,95.0,17,16,94.12
evosuite-mo,120,FASTJSON-39,3,com.alibaba.fastjson.serializer.StringCodec,24,1,137,126,91.97,45,42,93.33,20,19,95.0,17,16,94.12
evosuite-mo,120,GUAVA-174,1,com.google.common.collect.TopKSelector,22,1,381,292,76.64,79,63,79.75,36,24,66.67,31,22,70.97
evosuite-mo,120,GUAVA-174,2,com.google.common.collect.TopKSelector,22,1,381,292,76.64,79,63,79.75,36,24,66.67,31,22,70.97
evosuite-mo,120,GUAVA-174,3,com.google.common.collect.TopKSelector,22,1,381,292,76.64,79,63,79.75,36,24,66.67,31,22,70.97
evosuite-mo,120,FASTJSON-79,1,com.alibaba.fastjson.parser.ParserConfig,82,35,2617,1953,74.63,518,378,72.97,410,240,58.54,241,97,40.25
evosuite-mo,120,FASTJSON-79,2,com.alibaba.fastjson.parser.ParserConfig,82,35,2617,1953,74.63,518,378,72.97,410,240,58.54,241,97,40.25
evosuite-mo,120,FASTJSON-79,3,com.alibaba.fastjson.parser.ParserConfig,82,35,2617,1953,74.63,518,378,72.97,410,240,58.54,241,97,40.25
evosuite-mo,120,FASTJSON-32,1,com.alibaba.fastjson.support.hsf.HSFJSONUtils,10,1,255,90,35.29,70,25,35.71,28,11,39.29,17,7,41.18
evosuite-mo,120,FASTJSON-32,2,com.alibaba.fastjson.support.hsf.HSFJSONUtils,10,1,255,90,35.29,70,25,35.71,28,11,39.29,17,7,41.18
evosuite-mo,120,FASTJSON-32,3,com.alibaba.fastjson.support.hsf.HSFJSONUtils,10,1,255,90,35.29,70,25,35.71,28,11,39.29,17,7,41.18
evosuite-mo,120,SEATA-21,1,io.seata.core.rpc.netty.RmRpcClient,3,4,969,14,1.44,211,4,1.9,88,2,2.27,73,2,2.74
evosuite-mo,120,SEATA-21,2,io.seata.core.rpc.netty.RmRpcClient,3,4,969,14,1.44,211,4,1.9,88,2,2.27,73,2,2.74
evosuite-mo,120,SEATA-21,3,io.seata.core.rpc.netty.RmRpcClient,3,4,969,14,1.44,211,4,1.9,88,2,2.27,73,2,2.74
evosuite-mo,120,FASTJSON-31,1,com.alibaba.fastjson.serializer.ASMSerializerFactory,39,1,6980,3189,45.69,1364,638,46.77,398,173,43.47,229,78,34.06
evosuite-mo,120,FASTJSON-31,2,com.alibaba.fastjson.serializer.ASMSerializerFactory,39,1,6980,3189,45.69,1364,638,46.77,398,173,43.47,229,78,34.06
evosuite-mo,120,FASTJSON-31,3,com.alibaba.fastjson.serializer.ASMSerializerFactory,39,1,6980,3189,45.69,1364,638,46.77,398,173,43.47,229,78,34.06
evosuite-mo,120,FASTJSON-72,1,com.alibaba.fastjson.serializer.AwtCodec,50,1,787,530,67.34,192,127,66.15,106,65,61.32,65,38,58.46
evosuite-mo,120,FASTJSON-72,2,com.alibaba.fastjson.serializer.AwtCodec,50,1,787,530,67.34,192,127,66.15,106,65,61.32,65,38,58.46
evosuite-mo,120,FASTJSON-72,3,com.alibaba.fastjson.serializer.AwtCodec,50,1,787,530,67.34,192,127,66.15,106,65,61.32,65,38,58.46
evosuite-mo,120,SEATA-24,1,io.seata.core.protocol.transaction.BranchReportRequest,34,5,336,336,100.0,88,88,100.0,22,21,95.45,29,28,96.55
evosuite-mo,120,SEATA-24,2,io.seata.core.protocol.transaction.BranchReportRequest,34,5,336,336,100.0,88,88,100.0,22,21,95.45,29,28,96.55
evosuite-mo,120,SEATA-24,3,io.seata.core.protocol.transaction.BranchReportRequest,34,5,336,336,100.0,88,88,100.0,22,21,95.45,29,28,96.55
evosuite-mo,120,SEATA-25,1,io.seata.core.rpc.netty.NettyPoolableFactory,19,7,261,113,43.3,60,35,58.33,36,17,47.22,27,12,44.44
evosuite-mo,120,SEATA-25,2,io.seata.core.rpc.netty.NettyPoolableFactory,19,7,261,113,43.3,60,35,58.33,36,17,47.22,27,12,44.44
evosuite-mo,120,SEATA-25,3,io.seata.core.rpc.netty.NettyPoolableFactory,19,7,261,113,43.3,60,35,58.33,36,17,47.22,27,12,44.44
evosuite-mo,120,SEATA-26,1,io.seata.core.rpc.netty.TmRpcClient,2,1,723,3,0.41,162,1,0.62,62,0,0.0,57,1,1.75
evosuite-mo,120,SEATA-26,2,io.seata.core.rpc.netty.TmRpcClient,2,1,723,3,0.41,162,1,0.62,62,0,0.0,57,1,1.75
evosuite-mo,120,SEATA-26,3,io.seata.core.rpc.netty.TmRpcClient,2,1,723,3,0.41,162,1,0.62,62,0,0.0,57,1,1.75
evosuite-mo,120,SPOON-159,1,spoon.reflect.visitor.ModelConsistencyChecker,5,1,165,101,61.21,26,21,80.77,22,11,50.0,15,7,46.67
evosuite-mo,120,SPOON-159,2,spoon.reflect.visitor.ModelConsistencyChecker,5,1,165,101,61.21,26,21,80.77,22,11,50.0,15,7,46.67
evosuite-mo,120,SPOON-159,3,spoon.reflect.visitor.ModelConsistencyChecker,5,1,165,101,61.21,26,21,80.77,22,11,50.0,15,7,46.67
evosuite-mo,120,GUAVA-249,1,com.google.common.io.FileBackedOutputStream,25,1,188,188,100.0,50,50,100.0,16,16,100.0,20,20,100.0
evosuite-mo,120,GUAVA-249,2,com.google.common.io.FileBackedOutputStream,25,1,188,188,100.0,50,50,100.0,16,16,100.0,20,20,100.0
evosuite-mo,120,GUAVA-249,3,com.google.common.io.FileBackedOutputStream,25,1,188,188,100.0,50,50,100.0,16,16,100.0,20,20,100.0
evosuite-mo,120,SPOON-151,1,spoon.support.compiler.jdt.JDTBatchCompiler,12,12,376,0,0.0,76,0,0.0,40,0,0.0,28,0,0.0
evosuite-mo,120,SPOON-151,2,spoon.support.compiler.jdt.JDTBatchCompiler,12,12,376,0,0.0,76,0,0.0,40,0,0.0,28,0,0.0
evosuite-mo,120,SPOON-151,3,spoon.support.compiler.jdt.JDTBatchCompiler,12,12,376,0,0.0,76,0,0.0,40,0,0.0,28,0,0.0
evosuite-mo,120,SPOON-9,1,spoon.support.reflect.cu.position.SourcePositionImpl,54,3,422,364,86.26,78,74,94.87,56,47,83.93,46,37,80.43
evosuite-mo,120,SPOON-9,2,spoon.support.reflect.cu.position.SourcePositionImpl,54,3,422,364,86.26,78,74,94.87,56,47,83.93,46,37,80.43
evosuite-mo,120,SPOON-9,3,spoon.support.reflect.cu.position.SourcePositionImpl,54,3,422,364,86.26,78,74,94.87,56,47,83.93,46,37,80.43
evosuite-mo,120,SPOON-155,1,spoon.support.compiler.jdt.JDTSnippetCompiler,0,0,156,0,0.0,25,0,0.0,8,0,0.0,11,0,0.0
evosuite-mo,120,SPOON-155,2,spoon.support.compiler.jdt.JDTSnippetCompiler,0,0,156,0,0.0,25,0,0.0,8,0,0.0,11,0,0.0
evosuite-mo,120,SPOON-155,3,spoon.support.compiler.jdt.JDTSnippetCompiler,0,0,156,0,0.0,25,0,0.0,8,0,0.0,11,0,0.0
evosuite-mo,120,SPOON-157,1,spoon.support.DefaultCoreFactory,0,0,1515,0,0.0,429,0,0.0,160,0,0.0,173,0,0.0
evosuite-mo,120,SPOON-157,2,spoon.support.DefaultCoreFactory,0,0,1515,0,0.0,429,0,0.0,160,0,0.0,173,0,0.0
evosuite-mo,120,SPOON-157,3,spoon.support.DefaultCoreFactory,0,0,1515,0,0.0,429,0,0.0,160,0,0.0,173,0,0.0
evosuite-mo,60,GUAVA-260,1,com.google.common.collect.TreeRangeMap,16,1,340,171,50.29,86,49,56.98,36,15,41.67,39,24,61.54
evosuite-mo,60,GUAVA-260,2,com.google.common.collect.TreeRangeMap,16,1,340,171,50.29,86,49,56.98,36,15,41.67,39,24,61.54
evosuite-mo,60,GUAVA-260,3,com.google.common.collect.TreeRangeMap,16,1,340,171,50.29,86,49,56.98,36,15,41.67,39,24,61.54
evosuite-mo,60,SEATA-19,1,io.seata.core.protocol.RegisterRMRequest,30,2,228,228,100.0,62,62,100.0,26,26,100.0,21,21,100.0
evosuite-mo,60,SEATA-19,2,io.seata.core.protocol.RegisterRMRequest,30,2,228,228,100.0,62,62,100.0,26,26,100.0,21,21,100.0
evosuite-mo,60,SEATA-19,3,io.seata.core.protocol.RegisterRMRequest,30,2,228,228,100.0,62,62,100.0,26,26,100.0,21,21,100.0
evosuite-mo,60,FASTJSON-25,1,com.alibaba.fastjson.parser.deserializer.ResolveFieldDeserializer,13,1,137,111,81.02,43,37,86.05,12,8,66.67,11,9,81.82
evosuite-mo,60,FASTJSON-25,2,com.alibaba.fastjson.parser.deserializer.ResolveFieldDeserializer,13,1,137,111,81.02,43,37,86.05,12,8,66.67,11,9,81.82
evosuite-mo,60,FASTJSON-25,3,com.alibaba.fastjson.parser.deserializer.ResolveFieldDeserializer,13,1,137,111,81.02,43,37,86.05,12,8,66.67,11,9,81.82
evosuite-mo,60,FASTJSON-26,1,com.alibaba.fastjson.parser.deserializer.MapDeserializer,9,1,843,66,7.83,198,18,9.09,126,13,10.32,71,8,11.27
evosuite-mo,60,FASTJSON-26,2,com.alibaba.fastjson.parser.deserializer.MapDeserializer,9,1,843,66,7.83,198,18,9.09,126,13,10.32,71,8,11.27
evosuite-mo,60,FASTJSON-26,3,com.alibaba.fastjson.parser.deserializer.MapDeserializer,9,1,843,66,7.83,198,18,9.09,126,13,10.32,71,8,11.27
evosuite-mo,60,GUAVA-6,1,com.google.common.base.Throwables,49,1,311,272,87.46,92,77,83.7,38,32,84.21,39,32,82.05
evosuite-mo,60,GUAVA-6,2,com.google.common.base.Throwables,49,1,311,272,87.46,92,77,83.7,38,32,84.21,39,32,82.05
evosuite-mo,60,GUAVA-6,3,com.google.common.base.Throwables,49,1,311,272,87.46,92,77,83.7,38,32,84.21,39,32,82.05
evosuite-mo,60,GUAVA-85,1,com.google.common.base.CaseFormat,47,1,210,210,100.0,30,30,100.0,12,12,100.0,13,13,100.0
evosuite-mo,60,GUAVA-85,2,com.google.common.base.CaseFormat,47,1,210,210,100.0,30,30,100.0,12,12,100.0,13,13,100.0
evosuite-mo,60,GUAVA-85,3,com.google.common.base.CaseFormat,47,1,210,210,100.0,30,30,100.0,12,12,100.0,13,13,100.0
evosuite-mo,60,FASTJSON-64,1,com.alibaba.fastjson.serializer.JSONSerializer,95,3,687,573,83.41,185,160,86.49,108,80,74.07,94,73,77.66
evosuite-mo,60,FASTJSON-64,2,com.alibaba.fastjson.serializer.JSONSerializer,95,3,687,573,83.41,185,160,86.49,108,80,74.07,94,73,77.66
evosuite-mo,60,FASTJSON-64,3,com.alibaba.fastjson.serializer.JSONSerializer,95,3,687,573,83.41,185,160,86.49,108,80,74.07,94,73,77.66
evosuite-mo,60,SEATA-12,1,io.seata.core.rpc.netty.ShutdownHook,6,9,85,40,47.06,25,11,44.0,8,0,0.0,12,4,33.33
evosuite-mo,60,SEATA-12,2,io.seata.core.rpc.netty.ShutdownHook,6,9,85,40,47.06,25,11,44.0,8,0,0.0,12,4,33.33
evosuite-mo,60,SEATA-12,3,io.seata.core.rpc.netty.ShutdownHook,6,9,85,40,47.06,25,11,44.0,8,0,0.0,12,4,33.33
evosuite-mo,60,SEATA-14,1,io.seata.core.protocol.transaction.BranchRegisterRequest,33,5,360,360,100.0,95,95,100.0,32,32,100.0,32,32,100.0
evosuite-mo,60,SEATA-14,2,io.seata.core.protocol.transaction.BranchRegisterRequest,33,5,360,360,100.0,95,95,100.0,32,32,100.0,32,32,100.0
evosuite-mo,60,SEATA-14,3,io.seata.core.protocol.transaction.BranchRegisterRequest,33,5,360,360,100.0,95,95,100.0,32,32,100.0,32,32,100.0
evosuite-mo,60,SEATA-15,1,io.seata.core.rpc.netty.RpcServer,2,1,432,4,0.93,102,1,0.98,44,0,0.0,41,1,2.44
evosuite-mo,60,SEATA-15,2,io.seata.core.rpc.netty.RpcServer,2,1,432,4,0.93,102,1,0.98,44,0,0.0,41,1,2.44
evosuite-mo,60,SEATA-15,3,io.seata.core.rpc.netty.RpcServer,2,1,432,4,0.93,102,1,0.98,44,0,0.0,41,1,2.44
evosuite-mo,60,SEATA-16,1,io.seata.core.store.StoreMode,6,1,59,59,100.0,7,7,100.0,4,4,100.0,4,4,100.0
evosuite-mo,60,SEATA-16,2,io.seata.core.store.StoreMode,6,1,59,59,100.0,7,7,100.0,4,4,100.0,4,4,100.0
evosuite-mo,60,SEATA-16,3,io.seata.core.store.StoreMode,6,1,59,59,100.0,7,7,100.0,4,4,100.0,4,4,100.0
evosuite-mo,60,FASTJSON-9,1,com.alibaba.fastjson.parser.deserializer.JavaObjectDeserializer,6,1,84,35,41.67,19,6,31.58,18,9,50.0,13,6,46.15
evosuite-mo,60,FASTJSON-9,2,com.alibaba.fastjson.parser.deserializer.JavaObjectDeserializer,6,1,84,35,41.67,19,6,31.58,18,9,50.0,13,6,46.15
evosuite-mo,60,FASTJSON-9,3,com.alibaba.fastjson.parser.deserializer.JavaObjectDeserializer,6,1,84,35,41.67,19,6,31.58,18,9,50.0,13,6,46.15
evosuite-mo,60,SPOON-169,1,spoon.support.reflect.code.CtStatementListImpl,4,1,354,20,5.65,80,9,11.25,36,1,2.78,40,4,10.0
evosuite-mo,60,SPOON-169,2,spoon.support.reflect.code.CtStatementListImpl,4,1,354,20,5.65,80,9,11.25,36,1,2.78,40,4,10.0
evosuite-mo,60,SPOON-169,3,spoon.support.reflect.code.CtStatementListImpl,4,1,354,20,5.65,80,9,11.25,36,1,2.78,40,4,10.0
evosuite-mo,60,FASTJSON-4,1,com.alibaba.fastjson.serializer.BooleanCodec,14,1,111,108,97.3,36,35,97.22,16,16,100.0,13,13,100.0
evosuite-mo,60,FASTJSON-4,2,com.alibaba.fastjson.serializer.BooleanCodec,14,1,111,108,97.3,36,35,97.22,16,16,100.0,13,13,100.0
evosuite-mo,60,FASTJSON-4,3,com.alibaba.fastjson.serializer.BooleanCodec,14,1,111,108,97.3,36,35,97.22,16,16,100.0,13,13,100.0
evosuite-mo,60,SEATA-9,1,io.seata.core.rpc.netty.RpcServerHandler,13,1,94,94,100.0,27,27,100.0,8,7,87.5,11,10,90.91
evosuite-mo,60,SEATA-9,2,io.seata.core.rpc.netty.RpcServerHandler,13,1,94,94,100.0,27,27,100.0,8,7,87.5,11,10,90.91
evosuite-mo,60,SEATA-9,3,io.seata.core.rpc.netty.RpcServerHandler,13,1,94,94,100.0,27,27,100.0,8,7,87.5,11,10,90.91
evosuite-mo,60,SEATA-8,1,io.seata.core.protocol.MergedWarpMessage,17,3,192,102,53.13,46,25,54.35,14,8,57.14,14,10,71.43
evosuite-mo,60,SEATA-8,2,io.seata.core.protocol.MergedWarpMessage,17,3,192,102,53.13,46,25,54.35,14,8,57.14,14,10,71.43
evosuite-mo,60,SEATA-8,3,io.seata.core.protocol.MergedWarpMessage,17,3,192,102,53.13,46,25,54.35,14,8,57.14,14,10,71.43
evosuite-mo,60,GUAVA-45,1,com.google.common.primitives.Shorts,0,0,529,0,0.0,103,0,0.0,68,0,0.0,61,0,0.0
evosuite-mo,60,GUAVA-45,2,com.google.common.primitives.Shorts,0,0,529,0,0.0,103,0,0.0,68,0,0.0,61,0,0.0
evosuite-mo,60,GUAVA-45,3,com.google.common.primitives.Shorts,0,0,529,0,0.0,103,0,0.0,68,0,0.0,61,0,0.0
evosuite-mo,60,SPOON-163,1,spoon.pattern.internal.node.MapEntryNode,20,3,155,108,69.68,38,29,76.32,20,12,60.0,19,13,68.42
evosuite-mo,60,SPOON-163,2,spoon.pattern.internal.node.MapEntryNode,20,3,155,108,69.68,38,29,76.32,20,12,60.0,19,13,68.42
evosuite-mo,60,SPOON-163,3,spoon.pattern.internal.node.MapEntryNode,20,3,155,108,69.68,38,29,76.32,20,12,60.0,19,13,68.42
evosuite-mo,60,SEATA-6,1,io.seata.core.rpc.RpcContext,46,5,336,315,93.75,85,81,95.29,32,30,93.75,44,42,95.45
evosuite-mo,60,SEATA-6,2,io.seata.core.rpc.RpcContext,46,5,336,315,93.75,85,81,95.29,32,30,93.75,44,42,95.45
evosuite-mo,60,SEATA-6,3,io.seata.core.rpc.RpcContext,46,5,336,315,93.75,85,81,95.29,32,30,93.75,44,42,95.45
evosuite-mo,60,SPOON-165,1,spoon.reflect.visitor.AstParentConsistencyChecker,4,1,79,48,60.76,15,10,66.67,8,3,37.5,7,4,57.14
evosuite-mo,60,SPOON-165,2,spoon.reflect.visitor.AstParentConsistencyChecker,4,1,79,48,60.76,15,10,66.67,8,3,37.5,7,4,57.14
evosuite-mo,60,SPOON-165,3,spoon.reflect.visitor.AstParentConsistencyChecker,4,1,79,48,60.76,15,10,66.67,8,3,37.5,7,4,57.14
evosuite-mo,60,SEATA-4,1,io.seata.core.protocol.MessageFuture,15,1,101,101,100.0,22,22,100.0,10,10,100.0,14,14,100.0
evosuite-mo,60,SEATA-4,2,io.seata.core.protocol.MessageFuture,15,1,101,101,100.0,22,22,100.0,10,10,100.0,14,14,100.0
evosuite-mo,60,SEATA-4,3,io.seata.core.protocol.MessageFuture,15,1,101,101,100.0,22,22,100.0,10,10,100.0,14,14,100.0
evosuite-mo,60,SPOON-167,1,spoon.support.reflect.CtExtendedModifier,14,1,92,92,100.0,26,26,100.0,16,16,100.0,18,18,100.0
evosuite-mo,60,SPOON-167,2,spoon.support.reflect.CtExtendedModifier,14,1,92,92,100.0,26,26,100.0,16,16,100.0,18,18,100.0
evosuite-mo,60,SPOON-167,3,spoon.support.reflect.CtExtendedModifier,14,1,92,92,100.0,26,26,100.0,16,16,100.0,18,18,100.0
evosuite-mo,60,FASTJSON-17,1,com.alibaba.fastjson.serializer.ClobSeriliazer,7,1,68,61,89.71,24,22,91.67,4,4,100.0,5,5,100.0
evosuite-mo,60,FASTJSON-17,2,com.alibaba.fastjson.serializer.ClobSeriliazer,7,1,68,61,89.71,24,22,91.67,4,4,100.0,5,5,100.0
evosuite-mo,60,FASTJSON-17,3,com.alibaba.fastjson.serializer.ClobSeriliazer,7,1,68,61,89.71,24,22,91.67,4,4,100.0,5,5,100.0
evosuite-mo,60,FASTJSON-15,1,com.alibaba.fastjson.util.IOUtils,150,5,3460,3100,89.6,391,327,83.63,270,197,72.96,155,105,67.74
evosuite-mo,60,FASTJSON-15,2,com.alibaba.fastjson.util.IOUtils,150,5,3460,3100,89.6,391,327,83.63,270,197,72.96,155,105,67.74
evosuite-mo,60,FASTJSON-15,3,com.alibaba.fastjson.util.IOUtils,150,5,3460,3100,89.6,391,327,83.63,270,197,72.96,155,105,67.74
evosuite-mo,60,FASTJSON-59,1,com.alibaba.fastjson.asm.Type,67,1,403,399,99.01,93,91,97.85,62,60,96.77,50,48,96.0
evosuite-mo,60,FASTJSON-59,2,com.alibaba.fastjson.asm.Type,67,1,403,399,99.01,93,91,97.85,62,60,96.77,50,48,96.0
evosuite-mo,60,FASTJSON-59,3,com.alibaba.fastjson.asm.Type,67,1,403,399,99.01,93,91,97.85,62,60,96.77,50,48,96.0
evosuite-mo,60,GUAVA-71,1,com.google.common.collect.SparseImmutableTable,2,1,323,84,26.01,63,22,34.92,14,5,35.71,15,2,13.33
evosuite-mo,60,GUAVA-71,2,com.google.common.collect.SparseImmutableTable,2,1,323,84,26.01,63,22,34.92,14,5,35.71,15,2,13.33
evosuite-mo,60,GUAVA-71,3,com.google.common.collect.SparseImmutableTable,2,1,323,84,26.01,63,22,34.92,14,5,35.71,15,2,13.33
evosuite-mo,60,FASTJSON-50,1,com.alibaba.fastjson.parser.DefaultJSONParser,56,1,3921,698,17.8,947,145,15.31,570,43,7.54,361,46,12.74
evosuite-mo,60,FASTJSON-50,2,com.alibaba.fastjson.parser.DefaultJSONParser,56,1,3921,698,17.8,947,145,15.31,570,43,7.54,361,46,12.74
evosuite-mo,60,FASTJSON-50,3,com.alibaba.fastjson.parser.DefaultJSONParser,56,1,3921,698,17.8,947,145,15.31,570,43,7.54,361,46,12.74
evosuite-mo,60,FASTJSON-93,1,com.alibaba.fastjson.asm.ByteVector,29,1,329,325,98.78,73,72,98.63,24,22,91.67,22,20,90.91
evosuite-mo,60,FASTJSON-93,2,com.alibaba.fastjson.asm.ByteVector,29,1,329,325,98.78,73,72,98.63,24,22,91.67,22,20,90.91
evosuite-mo,60,FASTJSON-93,3,com.alibaba.fastjson.asm.ByteVector,29,1,329,325,98.78,73,72,98.63,24,22,91.67,22,20,90.91
evosuite-mo,60,FASTJSON-104,1,com.alibaba.fastjson.support.spring.FastJsonHttpMessageConverter,1,2,310,7,2.26,82,1,1.22,20,0,0.0,33,1,3.03
evosuite-mo,60,FASTJSON-104,2,com.alibaba.fastjson.support.spring.FastJsonHttpMessageConverter,1,2,310,7,2.26,82,1,1.22,20,0,0.0,33,1,3.03
evosuite-mo,60,FASTJSON-104,3,com.alibaba.fastjson.support.spring.FastJsonHttpMessageConverter,1,2,310,7,2.26,82,1,1.22,20,0,0.0,33,1,3.03
evosuite-mo,60,FASTJSON-105,1,com.alibaba.fastjson.JSONReader,82,1,520,457,87.88,157,145,92.36,63,52,82.54,67,57,85.07
evosuite-mo,60,FASTJSON-105,2,com.alibaba.fastjson.JSONReader,82,1,520,457,87.88,157,145,92.36,63,52,82.54,67,57,85.07
evosuite-mo,60,FASTJSON-105,3,com.alibaba.fastjson.JSONReader,82,1,520,457,87.88,157,145,92.36,63,52,82.54,67,57,85.07
evosuite-mo,60,GUAVA-78,1,com.google.common.collect.Queues,26,1,264,163,61.74,75,43,57.33,26,17,65.38,33,23,69.7
evosuite-mo,60,GUAVA-78,2,com.google.common.collect.Queues,26,1,264,163,61.74,75,43,57.33,26,17,65.38,33,23,69.7
evosuite-mo,60,GUAVA-78,3,com.google.common.collect.Queues,26,1,264,163,61.74,75,43,57.33,26,17,65.38,33,23,69.7
evosuite-mo,60,SPOON-11,1,spoon.reflect.factory.TypeFactory,13,1,1027,589,57.35,217,124,57.14,70,30,42.86,87,49,56.32
evosuite-mo,60,SPOON-11,2,spoon.reflect.factory.TypeFactory,13,1,1027,589,57.35,217,124,57.14,70,30,42.86,87,49,56.32
evosuite-mo,60,SPOON-11,3,spoon.reflect.factory.TypeFactory,13,1,1027,589,57.35,217,124,57.14,70,30,42.86,87,49,56.32
evosuite-mo,60,SPOON-13,1,spoon.support.reflect.code.CtForImpl,8,3,255,145,56.86,58,40,68.97,26,14,53.85,26,16,61.54
evosuite-mo,60,SPOON-13,2,spoon.support.reflect.code.CtForImpl,8,3,255,145,56.86,58,40,68.97,26,14,53.85,26,16,61.54
evosuite-mo,60,SPOON-13,3,spoon.support.reflect.code.CtForImpl,8,3,255,145,56.86,58,40,68.97,26,14,53.85,26,16,61.54
evosuite-mo,60,FASTJSON-19,1,com.alibaba.fastjson.parser.deserializer.DefaultFieldDeserializer,23,1,272,178,65.44,68,47,69.12,44,31,70.45,27,19,70.37
evosuite-mo,60,FASTJSON-19,2,com.alibaba.fastjson.parser.deserializer.DefaultFieldDeserializer,23,1,272,178,65.44,68,47,69.12,44,31,70.45,27,19,70.37
evosuite-mo,60,FASTJSON-19,3,com.alibaba.fastjson.parser.deserializer.DefaultFieldDeserializer,23,1,272,178,65.44,68,47,69.12,44,31,70.45,27,19,70.37
evosuite-mo,60,FASTJSON-49,1,com.alibaba.fastjson.serializer.ArraySerializer,4,1,109,18,16.51,28,8,28.57,14,1,7.14,9,2,22.22
evosuite-mo,60,FASTJSON-49,2,com.alibaba.fastjson.serializer.ArraySerializer,4,1,109,18,16.51,28,8,28.57,14,1,7.14,9,2,22.22
evosuite-mo,60,FASTJSON-49,3,com.alibaba.fastjson.serializer.ArraySerializer,4,1,109,18,16.51,28,8,28.57,14,1,7.14,9,2,22.22
evosuite-mo,60,SPOON-19,1,spoon.reflect.visitor.filter.LineFilter,2,1,66,14,21.21,22,6,27.27,16,2,12.5,10,2,20.0
evosuite-mo,60,SPOON-19,2,spoon.reflect.visitor.filter.LineFilter,2,1,66,14,21.21,22,6,27.27,16,2,12.5,10,2,20.0
evosuite-mo,60,SPOON-19,3,spoon.reflect.visitor.filter.LineFilter,2,1,66,14,21.21,22,6,27.27,16,2,12.5,10,2,20.0
evosuite-mo,60,GUAVA-21,1,com.google.common.base.internal.Finalizer,3,1,233,34,14.59,65,11,16.92,20,2,10.0,18,4,22.22
evosuite-mo,60,GUAVA-21,2,com.google.common.base.internal.Finalizer,3,1,233,34,14.59,65,11,16.92,20,2,10.0,18,4,22.22
evosuite-mo,60,GUAVA-21,3,com.google.common.base.internal.Finalizer,3,1,233,34,14.59,65,11,16.92,20,2,10.0,18,4,22.22
evosuite-mo,60,FASTJSON-85,1,com.alibaba.fastjson.serializer.CharArrayCodec,11,1,120,43,35.83,35,13,37.14,20,6,30.0,14,5,35.71
evosuite-mo,60,FASTJSON-85,2,com.alibaba.fastjson.serializer.CharArrayCodec,11,1,120,43,35.83,35,13,37.14,20,6,30.0,14,5,35.71
evosuite-mo,60,FASTJSON-85,3,com.alibaba.fastjson.serializer.CharArrayCodec,11,1,120,43,35.83,35,13,37.14,20,6,30.0,14,5,35.71
evosuite-mo,60,SEATA-32,1,io.seata.core.protocol.transaction.GlobalBeginResponse,18,1,122,122,100.0,36,36,100.0,12,12,100.0,14,14,100.0
evosuite-mo,60,SEATA-32,2,io.seata.core.protocol.transaction.GlobalBeginResponse,18,1,122,122,100.0,36,36,100.0,12,12,100.0,14,14,100.0
evosuite-mo,60,SEATA-32,3,io.seata.core.protocol.transaction.GlobalBeginResponse,18,1,122,122,100.0,36,36,100.0,12,12,100.0,14,14,100.0
evosuite-mo,60,SPOON-103,1,spoon.support.reflect.code.CtAssignmentImpl,1,1,180,0,0.0,45,0,0.0,18,0,0.0,22,0,0.0
evosuite-mo,60,SPOON-103,2,spoon.support.reflect.code.CtAssignmentImpl,1,1,180,0,0.0,45,0,0.0,18,0,0.0,22,0,0.0
evosuite-mo,60,SPOON-103,3,spoon.support.reflect.code.CtAssignmentImpl,1,1,180,0,0.0,45,0,0.0,18,0,0.0,22,0,0.0
evosuite-mo,60,SPOON-107,1,spoon.reflect.visitor.filter.CompositeFilter,11,1,113,88,77.88,26,19,73.08,20,14,70.0,15,11,73.33
evosuite-mo,60,SPOON-107,2,spoon.reflect.visitor.filter.CompositeFilter,11,1,113,88,77.88,26,19,73.08,20,14,70.0,15,11,73.33
evosuite-mo,60,SPOON-107,3,spoon.reflect.visitor.filter.CompositeFilter,11,1,113,88,77.88,26,19,73.08,20,14,70.0,15,11,73.33
evosuite-mo,60,GUAVA-114,1,com.google.common.util.concurrent.AtomicDoubleArray,46,1,243,241,99.18,59,57,96.61,14,12,85.71,21,19,90.48
evosuite-mo,60,GUAVA-114,2,com.google.common.util.concurrent.AtomicDoubleArray,46,1,243,241,99.18,59,57,96.61,14,12,85.71,21,19,90.48
evosuite-mo,60,GUAVA-114,3,com.google.common.util.concurrent.AtomicDoubleArray,46,1,243,241,99.18,59,57,96.61,14,12,85.71,21,19,90.48
evosuite-mo,60,GUAVA-115,1,com.google.common.util.concurrent.SimpleTimeLimiter,13,3,379,88,23.22,110,27,24.55,26,2,7.69,28,9,32.14
evosuite-mo,60,GUAVA-115,2,com.google.common.util.concurrent.SimpleTimeLimiter,13,3,379,88,23.22,110,27,24.55,26,2,7.69,28,9,32.14
evosuite-mo,60,GUAVA-115,3,com.google.common.util.concurrent.SimpleTimeLimiter,13,3,379,88,23.22,110,27,24.55,26,2,7.69,28,9,32.14
evosuite-mo,60,GUAVA-110,1,com.google.common.math.IntMath,147,1,1247,1228,98.48,180,176,97.78,164,157,95.73,123,116,94.31
evosuite-mo,60,GUAVA-110,2,com.google.common.math.IntMath,147,1,1247,1228,98.48,180,176,97.78,164,157,95.73,123,116,94.31
evosuite-mo,60,GUAVA-110,3,com.google.common.math.IntMath,147,1,1247,1228,98.48,180,176,97.78,164,157,95.73,123,116,94.31
evosuite-mo,60,GUAVA-275,1,com.google.common.math.PairedStatsAccumulator,49,1,306,304,99.35,60,59,98.33,38,38,100.0,32,32,100.0
evosuite-mo,60,GUAVA-275,2,com.google.common.math.PairedStatsAccumulator,49,1,306,304,99.35,60,59,98.33,38,38,100.0,32,32,100.0
evosuite-mo,60,GUAVA-275,3,com.google.common.math.PairedStatsAccumulator,49,1,306,304,99.35,60,59,98.33,38,38,100.0,32,32,100.0
evosuite-mo,60,GUAVA-153,1,com.google.common.collect.ReverseOrdering,6,1,99,37,37.37,21,8,38.1,4,0,0.0,16,6,37.5
evosuite-mo,60,GUAVA-153,2,com.google.common.collect.ReverseOrdering,6,1,99,37,37.37,21,8,38.1,4,0,0.0,16,6,37.5
evosuite-mo,60,GUAVA-153,3,com.google.common.collect.ReverseOrdering,6,1,99,37,37.37,21,8,38.1,4,0,0.0,16,6,37.5
evosuite-mo,60,GUAVA-197,1,com.google.common.primitives.Booleans,57,1,380,380,100.0,75,75,100.0,52,52,100.0,45,45,100.0
evosuite-mo,60,GUAVA-197,2,com.google.common.primitives.Booleans,57,1,380,380,100.0,75,75,100.0,52,52,100.0,45,45,100.0
evosuite-mo,60,GUAVA-197,3,com.google.common.primitives.Booleans,57,1,380,380,100.0,75,75,100.0,52,52,100.0,45,45,100.0
evosuite-mo,60,SPOON-101,1,spoon.reflect.visitor.PrintingContext,9,1,184,154,83.7,34,26,76.47,24,16,66.67,26,19,73.08
evosuite-mo,60,SPOON-101,2,spoon.reflect.visitor.PrintingContext,9,1,184,154,83.7,34,26,76.47,24,16,66.67,26,19,73.08
evosuite-mo,60,SPOON-101,3,spoon.reflect.visitor.PrintingContext,9,1,184,154,83.7,34,26,76.47,24,16,66.67,26,19,73.08
evosuite-mo,60,SEATA-29,1,io.seata.core.rpc.DefaultServerMessageListenerImpl,9,7,308,78,25.32,68,22,32.35,24,2,8.33,21,7,33.33
evosuite-mo,60,SEATA-29,2,io.seata.core.rpc.DefaultServerMessageListenerImpl,9,7,308,78,25.32,68,22,32.35,24,2,8.33,21,7,33.33
evosuite-mo,60,SEATA-29,3,io.seata.core.rpc.DefaultServerMessageListenerImpl,9,7,308,78,25.32,68,22,32.35,24,2,8.33,21,7,33.33
evosuite-mo,60,FASTJSON-39,1,com.alibaba.fastjson.serializer.StringCodec,19,1,137,106,77.37,45,37,82.22,20,16,80.0,17,13,76.47
evosuite-mo,60,FASTJSON-39,2,com.alibaba.fastjson.serializer.StringCodec,19,1,137,106,77.37,45,37,82.22,20,16,80.0,17,13,76.47
evosuite-mo,60,FASTJSON-39,3,com.alibaba.fastjson.serializer.StringCodec,19,1,137,106,77.37,45,37,82.22,20,16,80.0,17,13,76.47
evosuite-mo,60,GUAVA-174,1,com.google.common.collect.TopKSelector,32,1,381,307,80.58,79,66,83.54,36,27,75.0,31,24,77.42
evosuite-mo,60,GUAVA-174,2,com.google.common.collect.TopKSelector,32,1,381,307,80.58,79,66,83.54,36,27,75.0,31,24,77.42
evosuite-mo,60,GUAVA-174,3,com.google.common.collect.TopKSelector,32,1,381,307,80.58,79,66,83.54,36,27,75.0,31,24,77.42
evosuite-mo,60,FASTJSON-79,1,com.alibaba.fastjson.parser.ParserConfig,1,1,2617,0,0.0,518,0,0.0,410,0,0.0,241,0,0.0
evosuite-mo,60,FASTJSON-79,2,com.alibaba.fastjson.parser.ParserConfig,1,1,2617,0,0.0,518,0,0.0,410,0,0.0,241,0,0.0
evosuite-mo,60,FASTJSON-79,3,com.alibaba.fastjson.parser.ParserConfig,1,1,2617,0,0.0,518,0,0.0,410,0,0.0,241,0,0.0
evosuite-mo,60,FASTJSON-32,1,com.alibaba.fastjson.support.hsf.HSFJSONUtils,6,1,255,90,35.29,70,25,35.71,28,10,35.71,17,6,35.29
evosuite-mo,60,FASTJSON-32,2,com.alibaba.fastjson.support.hsf.HSFJSONUtils,6,1,255,90,35.29,70,25,35.71,28,10,35.71,17,6,35.29
evosuite-mo,60,FASTJSON-32,3,com.alibaba.fastjson.support.hsf.HSFJSONUtils,6,1,255,90,35.29,70,25,35.71,28,10,35.71,17,6,35.29
evosuite-mo,60,SEATA-21,1,io.seata.core.rpc.netty.RmRpcClient,3,4,969,14,1.44,211,4,1.9,88,2,2.27,73,2,2.74
evosuite-mo,60,SEATA-21,2,io.seata.core.rpc.netty.RmRpcClient,3,4,969,14,1.44,211,4,1.9,88,2,2.27,73,2,2.74
evosuite-mo,60,SEATA-21,3,io.seata.core.rpc.netty.RmRpcClient,3,4,969,14,1.44,211,4,1.9,88,2,2.27,73,2,2.74
evosuite-mo,60,FASTJSON-31,1,com.alibaba.fastjson.serializer.ASMSerializerFactory,30,1,6980,1297,18.58,1364,275,20.16,398,43,10.8,229,36,15.72
evosuite-mo,60,FASTJSON-31,2,com.alibaba.fastjson.serializer.ASMSerializerFactory,30,1,6980,1297,18.58,1364,275,20.16,398,43,10.8,229,36,15.72
evosuite-mo,60,FASTJSON-31,3,com.alibaba.fastjson.serializer.ASMSerializerFactory,30,1,6980,1297,18.58,1364,275,20.16,398,43,10.8,229,36,15.72
evosuite-mo,60,FASTJSON-72,1,com.alibaba.fastjson.serializer.AwtCodec,42,1,787,390,49.56,192,94,48.96,106,46,43.4,65,32,49.23
evosuite-mo,60,FASTJSON-72,2,com.alibaba.fastjson.serializer.AwtCodec,42,1,787,390,49.56,192,94,48.96,106,46,43.4,65,32,49.23
evosuite-mo,60,FASTJSON-72,3,com.alibaba.fastjson.serializer.AwtCodec,42,1,787,390,49.56,192,94,48.96,106,46,43.4,65,32,49.23
evosuite-mo,60,SEATA-24,1,io.seata.core.protocol.transaction.BranchReportRequest,36,5,336,336,100.0,88,88,100.0,22,22,100.0,29,29,100.0
evosuite-mo,60,SEATA-24,2,io.seata.core.protocol.transaction.BranchReportRequest,36,5,336,336,100.0,88,88,100.0,22,22,100.0,29,29,100.0
evosuite-mo,60,SEATA-24,3,io.seata.core.protocol.transaction.BranchReportRequest,36,5,336,336,100.0,88,88,100.0,22,22,100.0,29,29,100.0
evosuite-mo,60,SEATA-25,1,io.seata.core.rpc.netty.NettyPoolableFactory,28,7,261,124,47.51,60,38,63.33,36,21,58.33,27,17,62.96
evosuite-mo,60,SEATA-25,2,io.seata.core.rpc.netty.NettyPoolableFactory,28,7,261,124,47.51,60,38,63.33,36,21,58.33,27,17,62.96
evosuite-mo,60,SEATA-25,3,io.seata.core.rpc.netty.NettyPoolableFactory,28,7,261,124,47.51,60,38,63.33,36,21,58.33,27,17,62.96
evosuite-mo,60,SEATA-26,1,io.seata.core.rpc.netty.TmRpcClient,2,1,723,3,0.41,162,1,0.62,62,0,0.0,57,1,1.75
evosuite-mo,60,SEATA-26,2,io.seata.core.rpc.netty.TmRpcClient,2,1,723,3,0.41,162,1,0.62,62,0,0.0,57,1,1.75
evosuite-mo,60,SEATA-26,3,io.seata.core.rpc.netty.TmRpcClient,2,1,723,3,0.41,162,1,0.62,62,0,0.0,57,1,1.75
evosuite-mo,60,SPOON-159,1,spoon.reflect.visitor.ModelConsistencyChecker,9,2,165,165,100.0,26,26,100.0,22,20,90.91,15,13,86.67
evosuite-mo,60,SPOON-159,2,spoon.reflect.visitor.ModelConsistencyChecker,9,2,165,165,100.0,26,26,100.0,22,20,90.91,15,13,86.67
evosuite-mo,60,SPOON-159,3,spoon.reflect.visitor.ModelConsistencyChecker,9,2,165,165,100.0,26,26,100.0,22,20,90.91,15,13,86.67
evosuite-mo,60,GUAVA-249,1,com.google.common.io.FileBackedOutputStream,24,1,188,182,96.81,50,49,98.0,16,16,100.0,20,20,100.0
evosuite-mo,60,GUAVA-249,2,com.google.common.io.FileBackedOutputStream,24,1,188,182,96.81,50,49,98.0,16,16,100.0,20,20,100.0
evosuite-mo,60,GUAVA-249,3,com.google.common.io.FileBackedOutputStream,24,1,188,182,96.81,50,49,98.0,16,16,100.0,20,20,100.0
evosuite-mo,60,SPOON-151,1,spoon.support.compiler.jdt.JDTBatchCompiler,14,13,376,0,0.0,76,0,0.0,40,0,0.0,28,0,0.0
evosuite-mo,60,SPOON-151,2,spoon.support.compiler.jdt.JDTBatchCompiler,14,13,376,0,0.0,76,0,0.0,40,0,0.0,28,0,0.0
evosuite-mo,60,SPOON-151,3,spoon.support.compiler.jdt.JDTBatchCompiler,14,13,376,0,0.0,76,0,0.0,40,0,0.0,28,0,0.0
evosuite-mo,60,SPOON-9,1,spoon.support.reflect.cu.position.SourcePositionImpl,47,3,422,306,72.51,78,70,89.74,56,40,71.43,46,34,73.91
evosuite-mo,60,SPOON-9,2,spoon.support.reflect.cu.position.SourcePositionImpl,47,3,422,306,72.51,78,70,89.74,56,40,71.43,46,34,73.91
evosuite-mo,60,SPOON-9,3,spoon.support.reflect.cu.position.SourcePositionImpl,47,3,422,306,72.51,78,70,89.74,56,40,71.43,46,34,73.91
evosuite-mo,60,SPOON-155,1,spoon.support.compiler.jdt.JDTSnippetCompiler,15,7,156,116,74.36,25,19,76.0,8,7,87.5,11,8,72.73
evosuite-mo,60,SPOON-155,2,spoon.support.compiler.jdt.JDTSnippetCompiler,15,7,156,116,74.36,25,19,76.0,8,7,87.5,11,8,72.73
evosuite-mo,60,SPOON-155,3,spoon.support.compiler.jdt.JDTSnippetCompiler,15,7,156,116,74.36,25,19,76.0,8,7,87.5,11,8,72.73
evosuite-mo,60,SPOON-157,1,spoon.support.DefaultCoreFactory,56,1,1515,199,13.14,429,53,12.35,160,0,0.0,173,47,27.17
evosuite-mo,60,SPOON-157,2,spoon.support.DefaultCoreFactory,56,1,1515,199,13.14,429,53,12.35,160,0,0.0,173,47,27.17
evosuite-mo,60,SPOON-157,3,spoon.support.DefaultCoreFactory,56,1,1515,199,13.14,429,53,12.35,160,0,0.0,173,47,27.17
evosuite-mo,30,GUAVA-260,1,com.google.common.collect.TreeRangeMap,53,2,340,182,53.53,86,55,63.95,36,15,41.67,39,23,58.97
evosuite-mo,30,GUAVA-260,2,com.google.common.collect.TreeRangeMap,53,2,340,182,53.53,86,55,63.95,36,15,41.67,39,23,58.97
evosuite-mo,30,GUAVA-260,3,com.google.common.collect.TreeRangeMap,53,2,340,182,53.53,86,55,63.95,36,15,41.67,39,23,58.97
evosuite-mo,30,SEATA-19,1,io.seata.core.protocol.RegisterRMRequest,31,1,228,228,100.0,62,62,100.0,26,26,100.0,21,21,100.0
evosuite-mo,30,SEATA-19,2,io.seata.core.protocol.RegisterRMRequest,31,1,228,228,100.0,62,62,100.0,26,26,100.0,21,21,100.0
evosuite-mo,30,SEATA-19,3,io.seata.core.protocol.RegisterRMRequest,31,1,228,228,100.0,62,62,100.0,26,26,100.0,21,21,100.0
evosuite-mo,30,FASTJSON-25,1,com.alibaba.fastjson.parser.deserializer.ResolveFieldDeserializer,23,1,137,111,81.02,43,37,86.05,12,7,58.33,11,8,72.73
evosuite-mo,30,FASTJSON-25,2,com.alibaba.fastjson.parser.deserializer.ResolveFieldDeserializer,23,1,137,111,81.02,43,37,86.05,12,7,58.33,11,8,72.73
evosuite-mo,30,FASTJSON-25,3,com.alibaba.fastjson.parser.deserializer.ResolveFieldDeserializer,23,1,137,111,81.02,43,37,86.05,12,7,58.33,11,8,72.73
evosuite-mo,30,FASTJSON-26,1,com.alibaba.fastjson.parser.deserializer.MapDeserializer,18,1,843,63,7.47,198,17,8.59,126,13,10.32,71,7,9.86
evosuite-mo,30,FASTJSON-26,2,com.alibaba.fastjson.parser.deserializer.MapDeserializer,18,1,843,63,7.47,198,17,8.59,126,13,10.32,71,7,9.86
evosuite-mo,30,FASTJSON-26,3,com.alibaba.fastjson.parser.deserializer.MapDeserializer,18,1,843,63,7.47,198,17,8.59,126,13,10.32,71,7,9.86
evosuite-mo,30,GUAVA-6,1,com.google.common.base.Throwables,0,0,311,0,0.0,92,0,0.0,38,0,0.0,39,0,0.0
evosuite-mo,30,GUAVA-6,2,com.google.common.base.Throwables,0,0,311,0,0.0,92,0,0.0,38,0,0.0,39,0,0.0
evosuite-mo,30,GUAVA-6,3,com.google.common.base.Throwables,0,0,311,0,0.0,92,0,0.0,38,0,0.0,39,0,0.0
evosuite-mo,30,GUAVA-85,1,com.google.common.base.CaseFormat,38,9,210,210,100.0,30,30,100.0,12,12,100.0,13,13,100.0
evosuite-mo,30,GUAVA-85,2,com.google.common.base.CaseFormat,38,9,210,210,100.0,30,30,100.0,12,12,100.0,13,13,100.0
evosuite-mo,30,GUAVA-85,3,com.google.common.base.CaseFormat,38,9,210,210,100.0,30,30,100.0,12,12,100.0,13,13,100.0
evosuite-mo,30,FASTJSON-64,1,com.alibaba.fastjson.serializer.JSONSerializer,125,6,687,509,74.09,185,149,80.54,108,63,58.33,94,63,67.02
evosuite-mo,30,FASTJSON-64,2,com.alibaba.fastjson.serializer.JSONSerializer,125,6,687,509,74.09,185,149,80.54,108,63,58.33,94,63,67.02
evosuite-mo,30,FASTJSON-64,3,com.alibaba.fastjson.serializer.JSONSerializer,125,6,687,509,74.09,185,149,80.54,108,63,58.33,94,63,67.02
evosuite-mo,30,SEATA-12,1,io.seata.core.rpc.netty.ShutdownHook,10,4,85,81,95.29,25,23,92.0,8,6,75.0,12,10,83.33
evosuite-mo,30,SEATA-12,2,io.seata.core.rpc.netty.ShutdownHook,10,4,85,81,95.29,25,23,92.0,8,6,75.0,12,10,83.33
evosuite-mo,30,SEATA-12,3,io.seata.core.rpc.netty.ShutdownHook,10,4,85,81,95.29,25,23,92.0,8,6,75.0,12,10,83.33
evosuite-mo,30,SEATA-14,1,io.seata.core.protocol.transaction.BranchRegisterRequest,53,3,360,354,98.33,95,94,98.95,32,32,100.0,32,31,96.88
evosuite-mo,30,SEATA-14,2,io.seata.core.protocol.transaction.BranchRegisterRequest,53,3,360,354,98.33,95,94,98.95,32,32,100.0,32,31,96.88
evosuite-mo,30,SEATA-14,3,io.seata.core.protocol.transaction.BranchRegisterRequest,53,3,360,354,98.33,95,94,98.95,32,32,100.0,32,31,96.88
evosuite-mo,30,SEATA-15,1,io.seata.core.rpc.netty.RpcServer,2,1,432,4,0.93,102,1,0.98,44,0,0.0,41,1,2.44
evosuite-mo,30,SEATA-15,2,io.seata.core.rpc.netty.RpcServer,2,1,432,4,0.93,102,1,0.98,44,0,0.0,41,1,2.44
evosuite-mo,30,SEATA-15,3,io.seata.core.rpc.netty.RpcServer,2,1,432,4,0.93,102,1,0.98,44,0,0.0,41,1,2.44
evosuite-mo,30,SEATA-16,1,io.seata.core.store.StoreMode,5,1,59,59,100.0,7,7,100.0,4,4,100.0,4,4,100.0
evosuite-mo,30,SEATA-16,2,io.seata.core.store.StoreMode,5,1,59,59,100.0,7,7,100.0,4,4,100.0,4,4,100.0
evosuite-mo,30,SEATA-16,3,io.seata.core.store.StoreMode,5,1,59,59,100.0,7,7,100.0,4,4,100.0,4,4,100.0
evosuite-mo,30,FASTJSON-9,1,com.alibaba.fastjson.parser.deserializer.JavaObjectDeserializer,5,1,84,20,23.81,19,6,31.58,18,2,11.11,13,4,30.77
evosuite-mo,30,FASTJSON-9,2,com.alibaba.fastjson.parser.deserializer.JavaObjectDeserializer,5,1,84,20,23.81,19,6,31.58,18,2,11.11,13,4,30.77
evosuite-mo,30,FASTJSON-9,3,com.alibaba.fastjson.parser.deserializer.JavaObjectDeserializer,5,1,84,20,23.81,19,6,31.58,18,2,11.11,13,4,30.77
evosuite-mo,30,SPOON-169,1,spoon.support.reflect.code.CtStatementListImpl,22,2,354,130,36.72,80,36,45.0,36,12,33.33,40,15,37.5
evosuite-mo,30,SPOON-169,2,spoon.support.reflect.code.CtStatementListImpl,22,2,354,130,36.72,80,36,45.0,36,12,33.33,40,15,37.5
evosuite-mo,30,SPOON-169,3,spoon.support.reflect.code.CtStatementListImpl,22,2,354,130,36.72,80,36,45.0,36,12,33.33,40,15,37.5
evosuite-mo,30,FASTJSON-4,1,com.alibaba.fastjson.serializer.BooleanCodec,12,1,111,35,31.53,36,9,25.0,16,1,6.25,13,5,38.46
evosuite-mo,30,FASTJSON-4,2,com.alibaba.fastjson.serializer.BooleanCodec,12,1,111,35,31.53,36,9,25.0,16,1,6.25,13,5,38.46
evosuite-mo,30,FASTJSON-4,3,com.alibaba.fastjson.serializer.BooleanCodec,12,1,111,35,31.53,36,9,25.0,16,1,6.25,13,5,38.46
evosuite-mo,30,SEATA-9,1,io.seata.core.rpc.netty.RpcServerHandler,17,1,94,94,100.0,27,27,100.0,8,7,87.5,11,10,90.91
evosuite-mo,30,SEATA-9,2,io.seata.core.rpc.netty.RpcServerHandler,17,1,94,94,100.0,27,27,100.0,8,7,87.5,11,10,90.91
evosuite-mo,30,SEATA-9,3,io.seata.core.rpc.netty.RpcServerHandler,17,1,94,94,100.0,27,27,100.0,8,7,87.5,11,10,90.91
evosuite-mo,30,SEATA-8,1,io.seata.core.protocol.MergedWarpMessage,21,2,192,101,52.6,46,29,63.04,14,7,50.0,14,10,71.43
evosuite-mo,30,SEATA-8,2,io.seata.core.protocol.MergedWarpMessage,21,2,192,101,52.6,46,29,63.04,14,7,50.0,14,10,71.43
evosuite-mo,30,SEATA-8,3,io.seata.core.protocol.MergedWarpMessage,21,2,192,101,52.6,46,29,63.04,14,7,50.0,14,10,71.43
evosuite-mo,30,GUAVA-45,1,com.google.common.primitives.Shorts,120,1,529,529,100.0,103,103,100.0,68,68,100.0,61,61,100.0
evosuite-mo,30,GUAVA-45,2,com.google.common.primitives.Shorts,120,1,529,529,100.0,103,103,100.0,68,68,100.0,61,61,100.0
evosuite-mo,30,GUAVA-45,3,com.google.common.primitives.Shorts,120,1,529,529,100.0,103,103,100.0,68,68,100.0,61,61,100.0
evosuite-mo,30,SPOON-163,1,spoon.pattern.internal.node.MapEntryNode,28,1,155,108,69.68,38,30,78.95,20,12,60.0,19,13,68.42
evosuite-mo,30,SPOON-163,2,spoon.pattern.internal.node.MapEntryNode,28,1,155,108,69.68,38,30,78.95,20,12,60.0,19,13,68.42
evosuite-mo,30,SPOON-163,3,spoon.pattern.internal.node.MapEntryNode,28,1,155,108,69.68,38,30,78.95,20,12,60.0,19,13,68.42
evosuite-mo,30,SEATA-6,1,io.seata.core.rpc.RpcContext,68,5,336,311,92.56,85,80,94.12,32,29,90.63,44,41,93.18
evosuite-mo,30,SEATA-6,2,io.seata.core.rpc.RpcContext,68,5,336,311,92.56,85,80,94.12,32,29,90.63,44,41,93.18
evosuite-mo,30,SEATA-6,3,io.seata.core.rpc.RpcContext,68,5,336,311,92.56,85,80,94.12,32,29,90.63,44,41,93.18
evosuite-mo,30,SPOON-165,1,spoon.reflect.visitor.AstParentConsistencyChecker,10,1,79,79,100.0,15,15,100.0,8,7,87.5,7,6,85.71
evosuite-mo,30,SPOON-165,2,spoon.reflect.visitor.AstParentConsistencyChecker,10,1,79,79,100.0,15,15,100.0,8,7,87.5,7,6,85.71
evosuite-mo,30,SPOON-165,3,spoon.reflect.visitor.AstParentConsistencyChecker,10,1,79,79,100.0,15,15,100.0,8,7,87.5,7,6,85.71
evosuite-mo,30,SEATA-4,1,io.seata.core.protocol.MessageFuture,18,1,101,101,100.0,22,22,100.0,10,10,100.0,14,14,100.0
evosuite-mo,30,SEATA-4,2,io.seata.core.protocol.MessageFuture,18,1,101,101,100.0,22,22,100.0,10,10,100.0,14,14,100.0
evosuite-mo,30,SEATA-4,3,io.seata.core.protocol.MessageFuture,18,1,101,101,100.0,22,22,100.0,10,10,100.0,14,14,100.0
evosuite-mo,30,SPOON-167,1,spoon.support.reflect.CtExtendedModifier,27,1,92,92,100.0,26,26,100.0,16,16,100.0,18,18,100.0
evosuite-mo,30,SPOON-167,2,spoon.support.reflect.CtExtendedModifier,27,1,92,92,100.0,26,26,100.0,16,16,100.0,18,18,100.0
evosuite-mo,30,SPOON-167,3,spoon.support.reflect.CtExtendedModifier,27,1,92,92,100.0,26,26,100.0,16,16,100.0,18,18,100.0
evosuite-mo,30,FASTJSON-17,1,com.alibaba.fastjson.serializer.ClobSeriliazer,6,1,68,13,19.12,24,5,20.83,4,2,50.0,5,4,80.0
evosuite-mo,30,FASTJSON-17,2,com.alibaba.fastjson.serializer.ClobSeriliazer,6,1,68,13,19.12,24,5,20.83,4,2,50.0,5,4,80.0
evosuite-mo,30,FASTJSON-17,3,com.alibaba.fastjson.serializer.ClobSeriliazer,6,1,68,13,19.12,24,5,20.83,4,2,50.0,5,4,80.0
evosuite-mo,30,FASTJSON-15,1,com.alibaba.fastjson.util.IOUtils,146,1,3460,3053,88.24,391,324,82.86,270,185,68.52,155,101,65.16
evosuite-mo,30,FASTJSON-15,2,com.alibaba.fastjson.util.IOUtils,146,1,3460,3053,88.24,391,324,82.86,270,185,68.52,155,101,65.16
evosuite-mo,30,FASTJSON-15,3,com.alibaba.fastjson.util.IOUtils,146,1,3460,3053,88.24,391,324,82.86,270,185,68.52,155,101,65.16
evosuite-mo,30,FASTJSON-59,1,com.alibaba.fastjson.asm.Type,114,1,403,387,96.03,93,88,94.62,62,56,90.32,50,45,90.0
evosuite-mo,30,FASTJSON-59,2,com.alibaba.fastjson.asm.Type,114,1,403,387,96.03,93,88,94.62,62,56,90.32,50,45,90.0
evosuite-mo,30,FASTJSON-59,3,com.alibaba.fastjson.asm.Type,114,1,403,387,96.03,93,88,94.62,62,56,90.32,50,45,90.0
evosuite-mo,30,GUAVA-71,1,com.google.common.collect.SparseImmutableTable,3,1,323,84,26.01,63,22,34.92,14,5,35.71,15,2,13.33
evosuite-mo,30,GUAVA-71,2,com.google.common.collect.SparseImmutableTable,3,1,323,84,26.01,63,22,34.92,14,5,35.71,15,2,13.33
evosuite-mo,30,GUAVA-71,3,com.google.common.collect.SparseImmutableTable,3,1,323,84,26.01,63,22,34.92,14,5,35.71,15,2,13.33
evosuite-mo,30,FASTJSON-50,1,com.alibaba.fastjson.parser.DefaultJSONParser,45,2,3921,681,17.37,947,128,13.52,570,41,7.19,361,42,11.63
evosuite-mo,30,FASTJSON-50,2,com.alibaba.fastjson.parser.DefaultJSONParser,45,2,3921,681,17.37,947,128,13.52,570,41,7.19,361,42,11.63
evosuite-mo,30,FASTJSON-50,3,com.alibaba.fastjson.parser.DefaultJSONParser,45,2,3921,681,17.37,947,128,13.52,570,41,7.19,361,42,11.63
evosuite-mo,30,FASTJSON-93,1,com.alibaba.fastjson.asm.ByteVector,44,1,329,317,96.35,73,71,97.26,24,22,91.67,22,20,90.91
evosuite-mo,30,FASTJSON-93,2,com.alibaba.fastjson.asm.ByteVector,44,1,329,317,96.35,73,71,97.26,24,22,91.67,22,20,90.91
evosuite-mo,30,FASTJSON-93,3,com.alibaba.fastjson.asm.ByteVector,44,1,329,317,96.35,73,71,97.26,24,22,91.67,22,20,90.91
evosuite-mo,30,FASTJSON-104,1,com.alibaba.fastjson.support.spring.FastJsonHttpMessageConverter,1,2,310,7,2.26,82,1,1.22,20,0,0.0,33,1,3.03
evosuite-mo,30,FASTJSON-104,2,com.alibaba.fastjson.support.spring.FastJsonHttpMessageConverter,1,2,310,7,2.26,82,1,1.22,20,0,0.0,33,1,3.03
evosuite-mo,30,FASTJSON-104,3,com.alibaba.fastjson.support.spring.FastJsonHttpMessageConverter,1,2,310,7,2.26,82,1,1.22,20,0,0.0,33,1,3.03
evosuite-mo,30,FASTJSON-105,1,com.alibaba.fastjson.JSONReader,1,1,520,0,0.0,157,0,0.0,63,0,0.0,67,0,0.0
evosuite-mo,30,FASTJSON-105,2,com.alibaba.fastjson.JSONReader,1,1,520,0,0.0,157,0,0.0,63,0,0.0,67,0,0.0
evosuite-mo,30,FASTJSON-105,3,com.alibaba.fastjson.JSONReader,1,1,520,0,0.0,157,0,0.0,63,0,0.0,67,0,0.0
evosuite-mo,30,GUAVA-78,1,com.google.common.collect.Queues,18,1,264,145,54.92,75,37,49.33,26,12,46.15,33,23,69.7
evosuite-mo,30,GUAVA-78,2,com.google.common.collect.Queues,18,1,264,145,54.92,75,37,49.33,26,12,46.15,33,23,69.7
evosuite-mo,30,GUAVA-78,3,com.google.common.collect.Queues,18,1,264,145,54.92,75,37,49.33,26,12,46.15,33,23,69.7
evosuite-mo,30,SPOON-11,1,spoon.reflect.factory.TypeFactory,1,1,1027,0,0.0,217,0,0.0,70,0,0.0,87,0,0.0
evosuite-mo,30,SPOON-11,2,spoon.reflect.factory.TypeFactory,1,1,1027,0,0.0,217,0,0.0,70,0,0.0,87,0,0.0
evosuite-mo,30,SPOON-11,3,spoon.reflect.factory.TypeFactory,1,1,1027,0,0.0,217,0,0.0,70,0,0.0,87,0,0.0
evosuite-mo,30,SPOON-13,1,spoon.support.reflect.code.CtForImpl,3,1,255,147,57.65,58,41,70.69,26,13,50.0,26,15,57.69
evosuite-mo,30,SPOON-13,2,spoon.support.reflect.code.CtForImpl,3,1,255,147,57.65,58,41,70.69,26,13,50.0,26,15,57.69
evosuite-mo,30,SPOON-13,3,spoon.support.reflect.code.CtForImpl,3,1,255,147,57.65,58,41,70.69,26,13,50.0,26,15,57.69
evosuite-mo,30,FASTJSON-19,1,com.alibaba.fastjson.parser.deserializer.DefaultFieldDeserializer,33,3,272,134,49.26,68,39,57.35,44,24,54.55,27,15,55.56
evosuite-mo,30,FASTJSON-19,2,com.alibaba.fastjson.parser.deserializer.DefaultFieldDeserializer,33,3,272,134,49.26,68,39,57.35,44,24,54.55,27,15,55.56
evosuite-mo,30,FASTJSON-19,3,com.alibaba.fastjson.parser.deserializer.DefaultFieldDeserializer,33,3,272,134,49.26,68,39,57.35,44,24,54.55,27,15,55.56
evosuite-mo,30,FASTJSON-49,1,com.alibaba.fastjson.serializer.ArraySerializer,6,1,109,14,12.84,28,6,21.43,14,1,7.14,9,2,22.22
evosuite-mo,30,FASTJSON-49,2,com.alibaba.fastjson.serializer.ArraySerializer,6,1,109,14,12.84,28,6,21.43,14,1,7.14,9,2,22.22
evosuite-mo,30,FASTJSON-49,3,com.alibaba.fastjson.serializer.ArraySerializer,6,1,109,14,12.84,28,6,21.43,14,1,7.14,9,2,22.22
evosuite-mo,30,SPOON-19,1,spoon.reflect.visitor.filter.LineFilter,4,1,66,26,39.39,22,10,45.45,16,5,31.25,10,2,20.0
evosuite-mo,30,SPOON-19,2,spoon.reflect.visitor.filter.LineFilter,4,1,66,26,39.39,22,10,45.45,16,5,31.25,10,2,20.0
evosuite-mo,30,SPOON-19,3,spoon.reflect.visitor.filter.LineFilter,4,1,66,26,39.39,22,10,45.45,16,5,31.25,10,2,20.0
evosuite-mo,30,GUAVA-21,1,com.google.common.base.internal.Finalizer,0,0,233,0,0.0,65,0,0.0,20,0,0.0,18,0,0.0
evosuite-mo,30,GUAVA-21,2,com.google.common.base.internal.Finalizer,0,0,233,0,0.0,65,0,0.0,20,0,0.0,18,0,0.0
evosuite-mo,30,GUAVA-21,3,com.google.common.base.internal.Finalizer,0,0,233,0,0.0,65,0,0.0,20,0,0.0,18,0,0.0
evosuite-mo,30,FASTJSON-85,1,com.alibaba.fastjson.serializer.CharArrayCodec,6,1,120,8,6.67,35,3,8.57,20,0,0.0,14,3,21.43
evosuite-mo,30,FASTJSON-85,2,com.alibaba.fastjson.serializer.CharArrayCodec,6,1,120,8,6.67,35,3,8.57,20,0,0.0,14,3,21.43
evosuite-mo,30,FASTJSON-85,3,com.alibaba.fastjson.serializer.CharArrayCodec,6,1,120,8,6.67,35,3,8.57,20,0,0.0,14,3,21.43
evosuite-mo,30,SEATA-32,1,io.seata.core.protocol.transaction.GlobalBeginResponse,31,1,122,122,100.0,36,36,100.0,12,12,100.0,14,14,100.0
evosuite-mo,30,SEATA-32,2,io.seata.core.protocol.transaction.GlobalBeginResponse,31,1,122,122,100.0,36,36,100.0,12,12,100.0,14,14,100.0
evosuite-mo,30,SEATA-32,3,io.seata.core.protocol.transaction.GlobalBeginResponse,31,1,122,122,100.0,36,36,100.0,12,12,100.0,14,14,100.0
evosuite-mo,30,SPOON-103,1,spoon.support.reflect.code.CtAssignmentImpl,1,1,180,0,0.0,45,0,0.0,18,0,0.0,22,0,0.0
evosuite-mo,30,SPOON-103,2,spoon.support.reflect.code.CtAssignmentImpl,1,1,180,0,0.0,45,0,0.0,18,0,0.0,22,0,0.0
evosuite-mo,30,SPOON-103,3,spoon.support.reflect.code.CtAssignmentImpl,1,1,180,0,0.0,45,0,0.0,18,0,0.0,22,0,0.0
evosuite-mo,30,SPOON-107,1,spoon.reflect.visitor.filter.CompositeFilter,14,1,113,84,74.34,26,18,69.23,20,12,60.0,15,9,60.0
evosuite-mo,30,SPOON-107,2,spoon.reflect.visitor.filter.CompositeFilter,14,1,113,84,74.34,26,18,69.23,20,12,60.0,15,9,60.0
evosuite-mo,30,SPOON-107,3,spoon.reflect.visitor.filter.CompositeFilter,14,1,113,84,74.34,26,18,69.23,20,12,60.0,15,9,60.0
evosuite-mo,30,GUAVA-114,1,com.google.common.util.concurrent.AtomicDoubleArray,44,2,243,241,99.18,59,57,96.61,14,12,85.71,21,19,90.48
evosuite-mo,30,GUAVA-114,2,com.google.common.util.concurrent.AtomicDoubleArray,44,2,243,241,99.18,59,57,96.61,14,12,85.71,21,19,90.48
evosuite-mo,30,GUAVA-114,3,com.google.common.util.concurrent.AtomicDoubleArray,44,2,243,241,99.18,59,57,96.61,14,12,85.71,21,19,90.48
evosuite-mo,30,GUAVA-115,1,com.google.common.util.concurrent.SimpleTimeLimiter,22,1,379,136,35.88,110,42,38.18,26,3,11.54,28,10,35.71
evosuite-mo,30,GUAVA-115,2,com.google.common.util.concurrent.SimpleTimeLimiter,22,1,379,136,35.88,110,42,38.18,26,3,11.54,28,10,35.71
evosuite-mo,30,GUAVA-115,3,com.google.common.util.concurrent.SimpleTimeLimiter,22,1,379,136,35.88,110,42,38.18,26,3,11.54,28,10,35.71
evosuite-mo,30,GUAVA-110,1,com.google.common.math.IntMath,242,1,1247,1228,98.48,180,176,97.78,164,157,95.73,123,116,94.31
evosuite-mo,30,GUAVA-110,2,com.google.common.math.IntMath,242,1,1247,1228,98.48,180,176,97.78,164,157,95.73,123,116,94.31
evosuite-mo,30,GUAVA-110,3,com.google.common.math.IntMath,242,1,1247,1228,98.48,180,176,97.78,164,157,95.73,123,116,94.31
evosuite-mo,30,GUAVA-275,1,com.google.common.math.PairedStatsAccumulator,52,1,306,306,100.0,60,60,100.0,38,38,100.0,32,32,100.0
evosuite-mo,30,GUAVA-275,2,com.google.common.math.PairedStatsAccumulator,52,1,306,306,100.0,60,60,100.0,38,38,100.0,32,32,100.0
evosuite-mo,30,GUAVA-275,3,com.google.common.math.PairedStatsAccumulator,52,1,306,306,100.0,60,60,100.0,38,38,100.0,32,32,100.0
evosuite-mo,30,GUAVA-153,1,com.google.common.collect.ReverseOrdering,1,1,99,0,0.0,21,0,0.0,4,0,0.0,16,0,0.0
evosuite-mo,30,GUAVA-153,2,com.google.common.collect.ReverseOrdering,1,1,99,0,0.0,21,0,0.0,4,0,0.0,16,0,0.0
evosuite-mo,30,GUAVA-153,3,com.google.common.collect.ReverseOrdering,1,1,99,0,0.0,21,0,0.0,4,0,0.0,16,0,0.0
evosuite-mo,30,GUAVA-197,1,com.google.common.primitives.Booleans,77,1,380,369,97.11,75,74,98.67,52,51,98.08,45,44,97.78
evosuite-mo,30,GUAVA-197,2,com.google.common.primitives.Booleans,77,1,380,369,97.11,75,74,98.67,52,51,98.08,45,44,97.78
evosuite-mo,30,GUAVA-197,3,com.google.common.primitives.Booleans,77,1,380,369,97.11,75,74,98.67,52,51,98.08,45,44,97.78
evosuite-mo,30,SPOON-101,1,spoon.reflect.visitor.PrintingContext,1,1,184,0,0.0,34,0,0.0,24,0,0.0,26,0,0.0
evosuite-mo,30,SPOON-101,2,spoon.reflect.visitor.PrintingContext,1,1,184,0,0.0,34,0,0.0,24,0,0.0,26,0,0.0
evosuite-mo,30,SPOON-101,3,spoon.reflect.visitor.PrintingContext,1,1,184,0,0.0,34,0,0.0,24,0,0.0,26,0,0.0
evosuite-mo,30,SEATA-29,1,io.seata.core.rpc.DefaultServerMessageListenerImpl,9,1,308,66,21.43,68,18,26.47,24,3,12.5,21,7,33.33
evosuite-mo,30,SEATA-29,2,io.seata.core.rpc.DefaultServerMessageListenerImpl,9,1,308,66,21.43,68,18,26.47,24,3,12.5,21,7,33.33
evosuite-mo,30,SEATA-29,3,io.seata.core.rpc.DefaultServerMessageListenerImpl,9,1,308,66,21.43,68,18,26.47,24,3,12.5,21,7,33.33
evosuite-mo,30,FASTJSON-39,1,com.alibaba.fastjson.serializer.StringCodec,26,1,137,61,44.53,45,21,46.67,20,9,45.0,17,9,52.94
evosuite-mo,30,FASTJSON-39,2,com.alibaba.fastjson.serializer.StringCodec,26,1,137,61,44.53,45,21,46.67,20,9,45.0,17,9,52.94
evosuite-mo,30,FASTJSON-39,3,com.alibaba.fastjson.serializer.StringCodec,26,1,137,61,44.53,45,21,46.67,20,9,45.0,17,9,52.94
evosuite-mo,30,GUAVA-174,1,com.google.common.collect.TopKSelector,0,0,381,0,0.0,79,0,0.0,36,0,0.0,31,0,0.0
evosuite-mo,30,GUAVA-174,2,com.google.common.collect.TopKSelector,0,0,381,0,0.0,79,0,0.0,36,0,0.0,31,0,0.0
evosuite-mo,30,GUAVA-174,3,com.google.common.collect.TopKSelector,0,0,381,0,0.0,79,0,0.0,36,0,0.0,31,0,0.0
evosuite-mo,30,FASTJSON-79,1,com.alibaba.fastjson.parser.ParserConfig,225,55,2617,2103,80.36,518,413,79.73,410,288,70.24,241,140,58.09
evosuite-mo,30,FASTJSON-79,2,com.alibaba.fastjson.parser.ParserConfig,225,55,2617,2103,80.36,518,413,79.73,410,288,70.24,241,140,58.09
evosuite-mo,30,FASTJSON-79,3,com.alibaba.fastjson.parser.ParserConfig,225,55,2617,2103,80.36,518,413,79.73,410,288,70.24,241,140,58.09
evosuite-mo,30,FASTJSON-32,1,com.alibaba.fastjson.support.hsf.HSFJSONUtils,11,1,255,85,33.33,70,23,32.86,28,9,32.14,17,5,29.41
evosuite-mo,30,FASTJSON-32,2,com.alibaba.fastjson.support.hsf.HSFJSONUtils,11,1,255,85,33.33,70,23,32.86,28,9,32.14,17,5,29.41
evosuite-mo,30,FASTJSON-32,3,com.alibaba.fastjson.support.hsf.HSFJSONUtils,11,1,255,85,33.33,70,23,32.86,28,9,32.14,17,5,29.41
evosuite-mo,30,SEATA-21,1,io.seata.core.rpc.netty.RmRpcClient,4,1,969,14,1.44,211,4,1.9,88,2,2.27,73,2,2.74
evosuite-mo,30,SEATA-21,2,io.seata.core.rpc.netty.RmRpcClient,4,1,969,14,1.44,211,4,1.9,88,2,2.27,73,2,2.74
evosuite-mo,30,SEATA-21,3,io.seata.core.rpc.netty.RmRpcClient,4,1,969,14,1.44,211,4,1.9,88,2,2.27,73,2,2.74
evosuite-mo,30,FASTJSON-31,1,com.alibaba.fastjson.serializer.ASMSerializerFactory,72,1,6980,1079,15.46,1364,233,17.08,398,44,11.06,229,38,16.59
evosuite-mo,30,FASTJSON-31,2,com.alibaba.fastjson.serializer.ASMSerializerFactory,72,1,6980,1079,15.46,1364,233,17.08,398,44,11.06,229,38,16.59
evosuite-mo,30,FASTJSON-31,3,com.alibaba.fastjson.serializer.ASMSerializerFactory,72,1,6980,1079,15.46,1364,233,17.08,398,44,11.06,229,38,16.59
evosuite-mo,30,FASTJSON-72,1,com.alibaba.fastjson.serializer.AwtCodec,36,1,787,154,19.57,192,38,19.79,106,16,15.09,65,18,27.69
evosuite-mo,30,FASTJSON-72,2,com.alibaba.fastjson.serializer.AwtCodec,36,1,787,154,19.57,192,38,19.79,106,16,15.09,65,18,27.69
evosuite-mo,30,FASTJSON-72,3,com.alibaba.fastjson.serializer.AwtCodec,36,1,787,154,19.57,192,38,19.79,106,16,15.09,65,18,27.69
evosuite-mo,30,SEATA-24,1,io.seata.core.protocol.transaction.BranchReportRequest,55,2,336,336,100.0,88,88,100.0,22,22,100.0,29,29,100.0
evosuite-mo,30,SEATA-24,2,io.seata.core.protocol.transaction.BranchReportRequest,55,2,336,336,100.0,88,88,100.0,22,22,100.0,29,29,100.0
evosuite-mo,30,SEATA-24,3,io.seata.core.protocol.transaction.BranchReportRequest,55,2,336,336,100.0,88,88,100.0,22,22,100.0,29,29,100.0
evosuite-mo,30,SEATA-25,1,io.seata.core.rpc.netty.NettyPoolableFactory,31,2,261,135,51.72,60,39,65.0,36,20,55.56,27,15,55.56
evosuite-mo,30,SEATA-25,2,io.seata.core.rpc.netty.NettyPoolableFactory,31,2,261,135,51.72,60,39,65.0,36,20,55.56,27,15,55.56
evosuite-mo,30,SEATA-25,3,io.seata.core.rpc.netty.NettyPoolableFactory,31,2,261,135,51.72,60,39,65.0,36,20,55.56,27,15,55.56
evosuite-mo,30,SEATA-26,1,io.seata.core.rpc.netty.TmRpcClient,2,1,723,3,0.41,162,1,0.62,62,0,0.0,57,1,1.75
evosuite-mo,30,SEATA-26,2,io.seata.core.rpc.netty.TmRpcClient,2,1,723,3,0.41,162,1,0.62,62,0,0.0,57,1,1.75
evosuite-mo,30,SEATA-26,3,io.seata.core.rpc.netty.TmRpcClient,2,1,723,3,0.41,162,1,0.62,62,0,0.0,57,1,1.75
evosuite-mo,30,SPOON-159,1,spoon.reflect.visitor.ModelConsistencyChecker,1,1,165,0,0.0,26,0,0.0,22,0,0.0,15,0,0.0
evosuite-mo,30,SPOON-159,2,spoon.reflect.visitor.ModelConsistencyChecker,1,1,165,0,0.0,26,0,0.0,22,0,0.0,15,0,0.0
evosuite-mo,30,SPOON-159,3,spoon.reflect.visitor.ModelConsistencyChecker,1,1,165,0,0.0,26,0,0.0,22,0,0.0,15,0,0.0
evosuite-mo,30,GUAVA-249,1,com.google.common.io.FileBackedOutputStream,35,1,188,182,96.81,50,49,98.0,16,15,93.75,20,19,95.0
evosuite-mo,30,GUAVA-249,2,com.google.common.io.FileBackedOutputStream,35,1,188,182,96.81,50,49,98.0,16,15,93.75,20,19,95.0
evosuite-mo,30,GUAVA-249,3,com.google.common.io.FileBackedOutputStream,35,1,188,182,96.81,50,49,98.0,16,15,93.75,20,19,95.0
evosuite-mo,30,SPOON-151,1,spoon.support.compiler.jdt.JDTBatchCompiler,29,29,376,0,0.0,76,0,0.0,40,0,0.0,28,0,0.0
evosuite-mo,30,SPOON-151,2,spoon.support.compiler.jdt.JDTBatchCompiler,29,29,376,0,0.0,76,0,0.0,40,0,0.0,28,0,0.0
evosuite-mo,30,SPOON-151,3,spoon.support.compiler.jdt.JDTBatchCompiler,29,29,376,0,0.0,76,0,0.0,40,0,0.0,28,0,0.0
evosuite-mo,30,SPOON-9,1,spoon.support.reflect.cu.position.SourcePositionImpl,101,12,422,421,99.76,78,77,98.72,56,54,96.43,46,44,95.65
evosuite-mo,30,SPOON-9,2,spoon.support.reflect.cu.position.SourcePositionImpl,101,12,422,421,99.76,78,77,98.72,56,54,96.43,46,44,95.65
evosuite-mo,30,SPOON-9,3,spoon.support.reflect.cu.position.SourcePositionImpl,101,12,422,421,99.76,78,77,98.72,56,54,96.43,46,44,95.65
evosuite-mo,30,SPOON-155,1,spoon.support.compiler.jdt.JDTSnippetCompiler,33,7,156,156,100.0,25,25,100.0,8,7,87.5,11,10,90.91
evosuite-mo,30,SPOON-155,2,spoon.support.compiler.jdt.JDTSnippetCompiler,33,7,156,156,100.0,25,25,100.0,8,7,87.5,11,10,90.91
evosuite-mo,30,SPOON-155,3,spoon.support.compiler.jdt.JDTSnippetCompiler,33,7,156,156,100.0,25,25,100.0,8,7,87.5,11,10,90.91
evosuite-mo,30,SPOON-157,1,spoon.support.DefaultCoreFactory,166,1,1515,719,47.46,429,179,41.72,160,87,54.37,173,98,56.65
evosuite-mo,30,SPOON-157,2,spoon.support.DefaultCoreFactory,166,1,1515,719,47.46,429,179,41.72,160,87,54.37,173,98,56.65
evosuite-mo,30,SPOON-157,3,spoon.support.DefaultCoreFactory,166,1,1515,719,47.46,429,179,41.72,160,87,54.37,173,98,56.65
